Objeto;Denomin.;Familia;Espesor;Ancho;kerf;PrecodPP;Escuadria;Status
1205704;PPCMASPRGVESD 23x95xRL;MA;23.0;95.0;;MA2395;MA 23x95;True
1205705;PPCMASPRGSESD 23x95xRL;MA;23.0;95.0;;MA2395;MA 23x95;True
1205715;PPCMASPRGSESD 23x148xRL;MA;23.0;148.0;;MA23148;MA 23x148;True
1205716;PPCMASPRGSESD 23x194xRL;MA;23.0;194.0;;MA23194;MA 23x194;True
1205717;PPCMASPRGSESD 23x98xRL;MA;23.0;98.0;;MA2398;MA 23x98;True
1205718;PPCMASPRGSESD 23x129xRL;MA;23.0;129.0;;MA23129;MA 23x129;True
1205719;PPCMASPRGSESD 23x150xRL;MA;23.0;150.0;;MA23150;MA 23x150;True
1205720;PPCMASPRGSESD 23x202xRL;MA;23.0;202.0;;MA23202;MA 23x202;True
1205729;PPCMASPRGVESD 23x148xRL;MA;23.0;148.0;;MA23148;MA 23x148;True
1205730;PPCMASPRGVESD 23x194xRL;MA;23.0;194.0;;MA23194;MA 23x194;True
1205741;PPCMASPRGVESD 23x98xRL;MA;23.0;98.0;;MA2398;MA 23x98;True
1205742;PPCMASPRGVESD 23x129xRL;MA;23.0;129.0;;MA23129;MA 23x129;True
1205743;PPCMASPRGVESD 23x150xRL;MA;23.0;150.0;;MA23150;MA 23x150;True
1205744;PPCMASPRGVESD 23x202xRL;MA;23.0;202.0;;MA23202;MA 23x202;True
1205745;PPCMASPRGVESD 23x259xRL;MA;23.0;259.0;;MA23259;MA 23x259;True
1205746;PPCMASPRGVESD 26x202xRL;MA;26.0;202.0;;MA26202;MA 26x202;True
1205751;PPCMASPRGSESD 23x259xRL;MA;23.0;259.0;;MA23259;MA 23x259;True
1205752;PPCMASPRGSESD 26x202xRL;MA;26.0;202.0;;MA26202;MA 26x202;True
1205755;PPCMASPRGSESD 50x98xRL;MA;50.0;98.0;;MA5098;MA 50x98;True
1205756;PPCMASPRGSESD 50x150xRL;MA;50.0;150.0;;MA50150;MA 50x150;True
1205760;PPCMASPRGSESD 75x150xRL;MA;75.0;150.0;;MA75150;MA 75x150;True
1205763;PPCMASPRGVESD 50x98xRL;MA;50.0;98.0;;MA5098;MA 50x98;True
1205764;PPCMASPRGVESD 50x150xRL;MA;50.0;150.0;;MA50150;MA 50x150;True
1205766;PPCMASPRGVESD 75x150xRL;MA;75.0;150.0;;MA75150;MA 75x150;True
1205767;PPCMASPRGVESD 17x98xRL;MA;17.0;98.0;;MA1798;MA 17x98;True
1205771;PPCMASPRGSESD 17x98xRL;MA;17.0;98.0;;MA1798;MA 17x98;True
1205820;PPCMASPRGVESD 26x150xRL;MA;26.0;150.0;;MA26150;MA 26x150;True
1205822;PPCMASPRGVESD 42x148xRL;MA;42.0;148.0;;MA42148;MA 42x148;True
1205823;PPCMASPRGVESD 52x157xRL;MA;52.0;157.0;;MA52157;MA 52x157;True
1205824;PPCMASPRGSESD 26x150xRL;MA;26.0;150.0;;MA26150;MA 26x150;True
1205825;PPCMASPRGSESD 42x148xRL;MA;42.0;148.0;;MA42148;MA 42x148;True
1205826;PPCMASPRGSESD 52x157xRL;MA;52.0;157.0;;MA52157;MA 52x157;True
1205827;PPCMAPRRGVESD 23x95xRL;MA;23.0;95.0;;MA2395;MA 23x95;True
1205829;PPCMAPRRGVESD 50x148xRL;MA;50.0;148.0;;MA50148;MA 50x148;True
1205830;PPCMAPRRGVESD 75x148xRL;MA;75.0;148.0;;MA75148;MA 75x148;True
1205831;PPCMAPRRGSESD 23x95xRL;MA;23.0;95.0;;MA2395;MA 23x95;True
1205832;PPCMAPRRGSESD 50x148xRL;MA;50.0;148.0;;MA50148;MA 50x148;True
1205833;PPCMAPRRGSESD 75x148xRL;MA;75.0;148.0;;MA75148;MA 75x148;True
1205834;PPCMASPRGVESD 26x155x4880;MA;26.0;155.0;;MA26155;MA 26x155;True
1205835;PPCMASPRGVESD 28x104x4880;MA;28.0;104.0;;MA28104;MA 28x104;True
1205836;PPCMASPRGVESD 28x129x4880;MA;28.0;129.0;;MA28129;MA 28x129;True
1205837;PPCMASPRGVESD 40x129x4880;MA;40.0;129.0;;MA40129;MA 40x129;True
1205838;PPCMASPRGSESD 26x155x4880;MA;26.0;155.0;;MA26155;MA 26x155;True
1205839;PPCMASPRGSESD 28x104x4880;MA;28.0;104.0;;MA28104;MA 28x104;True
1205840;PPCMASPRGSESD 28x129x4880;MA;28.0;129.0;;MA28129;MA 28x129;True
1205841;PPCMASPRGSESD 40x129x4880;MA;40.0;129.0;;MA40129;MA 40x129;True
1205871;PPCMASPRGVESD 52x236xRL;MA;52.0;236.0;;MA52236;MA 52x236;True
1205872;PPCMASPRGSESD 52x236xRL;MA;52.0;236.0;;MA52236;MA 52x236;True
1205873;PPCMASPRGVESD 17x150xRL;MA;17.0;150.0;;MA17150;MA 17x150;True
1205874;PPCMASPRGVESD 26x236xRL;MA;26.0;236.0;;MA26236;MA 26x236;True
1205876;PPCMASPRGSESD 17x150xRL;MA;17.0;150.0;;MA17150;MA 17x150;True
1205877;PPCMASPRGSESD 26x236xRL;MA;26.0;236.0;;MA26236;MA 26x236;True
1205882;PPCMAPRRGVESD 50x95xRL;MA;50.0;95.0;;MA5095;MA 50x95;True
1205895;PPCMAPRRGSESD 50x95xRL;MA;50.0;95.0;;MA5095;MA 50x95;True
1205897;PPCMASPRGVESD 26x118xRL;MA;26.0;118.0;;MA26118;MA 26x118;True
1205898;PPCMASPRGSESD 26x118xRL;MA;26.0;118.0;;MA26118;MA 26x118;True
1205907;PPCMAPRRGVESD 50x129xRL;MA;50.0;129.0;;MA50129;MA 50x129;True
1205908;PPCMAPRRGSESD 50x129xRL;MA;50.0;129.0;;MA50129;MA 50x129;True
1205912;PPCMASPRGVESD 75x202xRL;MA;75.0;202.0;;MA75202;MA 75x202;True
1205928;PPCMASPRGVESD 26x155x3660;MA;26.0;155.0;;MA26155;MA 26x155;True
1205929;PPCMASPRGVESD 28x104x3660;MA;28.0;104.0;;MA28104;MA 28x104;True
1205930;PPCMASPRGVESD 28x129x3660;MA;28.0;129.0;;MA28129;MA 28x129;True
1205931;PPCMASPRGVESD 40x129x3660;MA;40.0;129.0;;MA40129;MA 40x129;True
1205932;PPCMASPRGVESD 26x155x3050;MA;26.0;155.0;;MA26155;MA 26x155;True
1205933;PPCMASPRGVESD 28x104x3050;MA;28.0;104.0;;MA28104;MA 28x104;True
1205934;PPCMASPRGVESD 28x129x3050;MA;28.0;129.0;;MA28129;MA 28x129;True
1205935;PPCMASPRGVESD 40x129x3050;MA;40.0;129.0;;MA40129;MA 40x129;True
1205936;PPCMASPRGSESD 26x155x3660;MA;26.0;155.0;;MA26155;MA 26x155;True
1205937;PPCMASPRGSESD 28x104x3660;MA;28.0;104.0;;MA28104;MA 28x104;True
1205938;PPCMASPRGSESD 28x129x3660;MA;28.0;129.0;;MA28129;MA 28x129;True
1205939;PPCMASPRGSESD 40x129x3660;MA;40.0;129.0;;MA40129;MA 40x129;True
1205940;PPCMASPRGSESD 26x155x3050;MA;26.0;155.0;;MA26155;MA 26x155;True
1205941;PPCMASPRGSESD 28x104x3050;MA;28.0;104.0;;MA28104;MA 28x104;True
1205942;PPCMASPRGSESD 28x129x3050;MA;28.0;129.0;;MA28129;MA 28x129;True
1205943;PPCMASPRGSESD 40x129x3050;MA;40.0;129.0;;MA40129;MA 40x129;True
1205944;PPCMASPRGSESD 75x202xRL;MA;75.0;202.0;;MA75202;MA 75x202;True
1205948;PPCMASPRGVESD 39x259xRL;MA;39.0;259.0;;MA39259;MA 39x259;True
1205949;PPCMASPRGSESD 39x259xRL;MA;39.0;259.0;;MA39259;MA 39x259;True
1205951;PPCMASPRGVESD 26x155x4270;MA;26.0;155.0;;MA26155;MA 26x155;True
1205952;PPCMASPRGVESD 28x104x4270;MA;28.0;104.0;;MA28104;MA 28x104;True
1205953;PPCMASPRGVESD 28x129x4270;MA;28.0;129.0;;MA28129;MA 28x129;True
1205954;PPCMASPRGVESD 40x129x4270;MA;40.0;129.0;;MA40129;MA 40x129;True
1205955;PPCMASPRGVESD 26x155x2440;MA;26.0;155.0;;MA26155;MA 26x155;True
1205956;PPCMASPRGVESD 28x104x2440;MA;28.0;104.0;;MA28104;MA 28x104;True
1205957;PPCMASPRGVESD 28x129x2440;MA;28.0;129.0;;MA28129;MA 28x129;True
1205958;PPCMASPRGVESD 40x129x2440;MA;40.0;129.0;;MA40129;MA 40x129;True
1205961;PPCMASPRGVESD 82x150xRL;MA;82.0;150.0;;MA82150;MA 82x150;True
1205962;PPCMASPRGSESD 82x150xRL;MA;82.0;150.0;;MA82150;MA 82x150;True
1205966;PPCMASPRGSESD 26x155x4270;MA;26.0;155.0;;MA26155;MA 26x155;True
1205968;PPCMASPRGSESD 28x104x4270;MA;28.0;104.0;;MA28104;MA 28x104;True
1205969;PPCMASPRGSESD 28x129x4270;MA;28.0;129.0;;MA28129;MA 28x129;True
1205970;PPCMASPRGSESD 40x129x4270;MA;40.0;129.0;;MA40129;MA 40x129;True
1205971;PPCMASPRGSESD 26x155x2440;MA;26.0;155.0;;MA26155;MA 26x155;True
1205972;PPCMASPRGSESD 28x104x2440;MA;28.0;104.0;;MA28104;MA 28x104;True
1205973;PPCMASPRGSESD 28x129x2440;MA;28.0;129.0;;MA28129;MA 28x129;True
1205974;PPCMASPRGSESD 40x129x2440;MA;40.0;129.0;;MA40129;MA 40x129;True
1205982;PPCMASPRGVESD 70x70xRL;MA;70.0;70.0;;MA7070;MA 70x70;True
1205983;PPCMASPRGSESD 70x70xRL;MA;70.0;70.0;;MA7070;MA 70x70;True
1206017;PPCMASPRGVESD 75x77xRL;MA;75.0;77.0;;MA7577;MA 75x77;True
1206018;PPCMASPRGSESD 75x77xRL;MA;75.0;77.0;;MA7577;MA 75x77;True
1206021;PPCMASPRGVESD 98x98xRL;MA;98.0;98.0;;MA9898;MA 98x98;True
1206022;PPCMASPRGSESD 98x98xRL;MA;98.0;98.0;;MA9898;MA 98x98;True
1206029;PPCMASPRGVESD 38x148xRL;MA;38.0;148.0;;MA38148;MA 38x148;True
1206043;PPCMASPRGVESD 26x157xRL;MA;26.0;157.0;;MA26157;MA 26x157;True
1206044;PPCMASPRGSESD 26x157xRL;MA;26.0;157.0;;MA26157;MA 26x157;True
1206048;PPCMASPRGVESD 38x194xRL;MA;38.0;194.0;;MA38194;MA 38x194;True
1206049;PPCMASPRGSESD 38x194xRL;MA;38.0;194.0;;MA38194;MA 38x194;True
1206058;PPCMASPRGVESD 42x194xRL;MA;42.0;194.0;;MA42194;MA 42x194;True
1206059;PPCMASPRGSESD 42x194xRL;MA;42.0;194.0;;MA42194;MA 42x194;True
1206061;PPCMASPRGVESD 23x246xRL;MA;23.0;246.0;;MA23246;MA 23x246;True
1206062;PPCMASPRGSESD 23x246xRL;MA;23.0;246.0;;MA23246;MA 23x246;True
1206082;PPCMASPRGSESD 38x148xRL;MA;38.0;148.0;;MA38148;MA 38x148;True
1206092;PPCMASPRGVESD 26x104xRL;MA;26.0;104.0;;MA26104;MA 26x104;True
1206093;PPCMASPRGSESD 26x104xRL;MA;26.0;104.0;;MA26104;MA 26x104;True
1206131;PPCMASPRGVESD 50x50xRL;MA;50.0;50.0;;MA5050;MA 50x50;True
1206132;PPCMASPRGSESD 50x50xRL;MA;50.0;50.0;;MA5050;MA 50x50;True
1206134;PPCMASPRGVESD 39x236xRL;MA;39.0;236.0;;MA39236;MA 39x236;True
1206135;PPCMASPRGSESD 39x236xRL;MA;39.0;236.0;;MA39236;MA 39x236;True
1206156;PPCMASPRGVESD 28x148xRL;MA;28.0;148.0;;MA28148;MA 28x148;True
1206157;PPCMASPRGSESD 28x148xRL;MA;28.0;148.0;;MA28148;MA 28x148;True
1206171;PPCMASPRGVESD 78x155xRL;MA;78.0;155.0;;MA78155;MA 78x155;True
1206172;PPCMASPRGSESD 78x155xRL;MA;78.0;155.0;;MA78155;MA 78x155;True
1206181;PPCMASPRGVESD 39x118xRL;MA;39.0;118.0;;MA39118;MA 39x118;True
1206182;PPCMASPRGSESD 39x118xRL;MA;39.0;118.0;;MA39118;MA 39x118;True
1206194;PPCMAPRRGVESD 50x98xRL;MA;50.0;98.0;;MA5098;MA 50x98;True
1206195;PPCMAPRRGSESD 50x98xRL;MA;50.0;98.0;;MA5098;MA 50x98;True
1206201;PPCMASPRGVESD 42x95xRL;MA;42.0;95.0;;MA4295;MA 42x95;True
1206202;PPCMASPRGSESD 42x95xRL;MA;42.0;95.0;;MA4295;MA 42x95;True
1206209;PPCMASPRGVESD 33x202xRL;MA;33.0;202.0;;MA33202;MA 33x202;True
1206210;PPCMASPRGSESD 33x202xRL;MA;33.0;202.0;;MA33202;MA 33x202;True
1206228;PPCMASPRGVESD 39x77xRL;MA;39.0;77.0;;MA3977;MA 39x77;True
1206229;PPCMASPRGSESD 39x77xRL;MA;39.0;77.0;;MA3977;MA 39x77;True
1206234;PPCMASPRGVESD 50x202xRL;MA;50.0;202.0;;MA50202;MA 50x202;True
1206235;PPCMASPRGSESD 50x202xRL;MA;50.0;202.0;;MA50202;MA 50x202;True
1206236;PPCMASPRGVESD 50x129xRL;MA;50.0;129.0;;MA50129;MA 50x129;True
1206237;PPCMASPRGSESD 50x129xRL;MA;50.0;129.0;;MA50129;MA 50x129;True
1206283;PPCMASPRGVESD 28x95xRL;MA;28.0;95.0;;MA2895;MA 28x95;True
1206284;PPCMASPRGSESD 28x95xRL;MA;28.0;95.0;;MA2895;MA 28x95;True
1206296;PPCMASPRGVESD 33x118xRL;MA;33.0;118.0;;MA33118;MA 33x118;True
1206297;PPCMASPRGSESD 33x118xRL;MA;33.0;118.0;;MA33118;MA 33x118;True
1206334;PPCMAPRRGVESD 75x202xRL;MA;75.0;202.0;;MA75202;MA 75x202;True
1206335;PPCMAPRRGSESD 75x202xRL;MA;75.0;202.0;;MA75202;MA 75x202;True
1206349;PPLMASPRGVESD 23x194xRL;MA;23.0;194.0;;MA23194;MA 23x194;True
1206350;PPLMASPRGSESD 23x194xRL;MA;23.0;194.0;;MA23194;MA 23x194;True
1206371;PPLMASPRGVESD 23x148xRL;MA;23.0;148.0;;MA23148;MA 23x148;True
1206372;PPLMASPRGSESD 23x148xRL;MA;23.0;148.0;;MA23148;MA 23x148;True
1206408;PPLMASPRGVESD 23x129xRL;MA;23.0;129.0;;MA23129;MA 23x129;True
1206409;PPLMASPRGSESD 23x129xRL;MA;23.0;129.0;;MA23129;MA 23x129;True
1206436;PPLMASPRGVESD 23x95xRL;MA;23.0;95.0;;MA2395;MA 23x95;True
1206437;PPLMASPRGVESD 23x98xRL;MA;23.0;98.0;;MA2398;MA 23x98;True
1206438;PPLMASPRGVESD 23x150xRL;MA;23.0;150.0;;MA23150;MA 23x150;True
1206439;PPLMASPRGVESD 23x202xRL;MA;23.0;202.0;;MA23202;MA 23x202;True
1206440;PPLMASPRGSESD 23x95xRL;MA;23.0;95.0;;MA2395;MA 23x95;True
1206441;PPLMASPRGSESD 23x98xRL;MA;23.0;98.0;;MA2398;MA 23x98;True
1206442;PPLMASPRGSESD 23x150xRL;MA;23.0;150.0;;MA23150;MA 23x150;True
1206443;PPLMASPRGSESD 23x202xRL;MA;23.0;202.0;;MA23202;MA 23x202;True
1206451;PPLMASPRGVESD 26x118xRL;MA;26.0;118.0;;MA26118;MA 26x118;True
1206452;PPLMASPRGSESD 26x118xRL;MA;26.0;118.0;;MA26118;MA 26x118;True
1206467;PPLMASPRGVESD 26x150xRL;MA;26.0;150.0;;MA26150;MA 26x150;True
1206468;PPLMASPRGSESD 26x150xRL;MA;26.0;150.0;;MA26150;MA 26x150;True
1206516;PPCMASPRGVESD 50x259xRL;MA;50.0;259.0;;MA50259;MA 50x259;True
1206517;PPCMASPRGSESD 50x259xRL;MA;50.0;259.0;;MA50259;MA 50x259;True
1206518;PPCMASPRGVESD 75x259xRL;MA;75.0;259.0;;MA75259;MA 75x259;True
1206519;PPCMASPRGSESD 75x259xRL;MA;75.0;259.0;;MA75259;MA 75x259;True
1206541;PPCMASPRGVESD 23x104xRL;MA;23.0;104.0;;MA23104;MA 23x104;True
1206542;PPCMASPRGSESD 23x104xRL;MA;23.0;104.0;;MA23104;MA 23x104;True
1206543;PPLMASPRGVESD 23x104xRL;MA;23.0;104.0;;MA23104;MA 23x104;True
1206544;PPLMASPRGSESD 23x104xRL;MA;23.0;104.0;;MA23104;MA 23x104;True
1206553;PPCMASPRGSESD 23x118xRL;MA;23.0;118.0;;MA23118;MA 23x118;True
1206554;PPCMASPRGVESD 23x118xRL;MA;23.0;118.0;;MA23118;MA 23x118;True
1206561;PPCMASPRGVESD 23x157xRL;MA;23.0;157.0;;MA23157;MA 23x157;True
1206562;PPCMASPRGSESD 23x157xRL;MA;23.0;157.0;;MA23157;MA 23x157;True
1206573;PPCMASPRGVESD 28x77xRL;MA;28.0;77.0;;MA2877;MA 28x77;True
1206574;PPCMASPRGSESD 28x77xRL;MA;28.0;77.0;;MA2877;MA 28x77;True
1206576;PPCMASPRGVESD 23x70xRL;MA;23.0;70.0;;MA2370;MA 23x70;True
1206577;PPCMASPRGSESD 23x70xRL;MA;23.0;70.0;;MA2370;MA 23x70;True
1206641;PPCMASPRGVESD 39x131xRL;MA;39.0;131.0;;MA39131;MA 39x131;True
1206642;PPCMASPRGSESD 39x131xRL;MA;39.0;131.0;;MA39131;MA 39x131;True
1206651;PPCMASPRGVESD 26x77xRL;MA;26.0;77.0;;MA2677;MA 26x77;True
1206653;PPCMASPRGSESD 26x77xRL;MA;26.0;77.0;;MA2677;MA 26x77;True
1206675;PPCMASPRGVESD 39x105xRL;MA;39.0;105.0;;MA39105;MA 39x105;True
1206677;PPCMASPRGSESD 39x105xRL;MA;39.0;105.0;;MA39105;MA 39x105;True
1206709;PPLMASPRGVESD 23x70xRL;MA;23.0;70.0;;MA2370;MA 23x70;True
1206723;PPCMASTRGVESD 28x104x2440;MA;28.0;104.0;;MA28104;MA 28x104;True
1206724;PPCMASTRGVESD 28x104x3050;MA;28.0;104.0;;MA28104;MA 28x104;True
1206725;PPCMASTRGVESD 28x104x3660;MA;28.0;104.0;;MA28104;MA 28x104;True
1206726;PPCMASTRGVESD 28x104x4270;MA;28.0;104.0;;MA28104;MA 28x104;True
1206727;PPCMASTRGSESD 28x104x2440;MA;28.0;104.0;;MA28104;MA 28x104;True
1206728;PPCMASTRGSESD 28x104x3050;MA;28.0;104.0;;MA28104;MA 28x104;True
1206729;PPCMASTRGSESD 28x104x3660;MA;28.0;104.0;;MA28104;MA 28x104;True
1206730;PPCMASTRGSESD 28x104x4270;MA;28.0;104.0;;MA28104;MA 28x104;True
1206731;PPLMASPRGSESD 23x70xRL;MA;23.0;70.0;;MA2370;MA 23x70;True
1206763;PPCMAPRRGVESD 50x202xRL;MA;50.0;202.0;;MA50202;MA 50x202;True
1206764;PPCMAPRRGSESD 50x202xRL;MA;50.0;202.0;;MA50202;MA 50x202;True
1206802;PPCMASPRGVESD 28x98xRL;MA;28.0;98.0;;MA2898;MA 28x98;True
1206803;PPCMASPRGSESD 28x98xRL;MA;28.0;98.0;;MA2898;MA 28x98;True
1206804;PPCMASPRGVESD 28x212xRL;MA;28.0;212.0;;MA28212;MA 28x212;True
1206805;PPCMASPRGSESD 28x212xRL;MA;28.0;212.0;;MA28212;MA 28x212;True
1206821;PPCMASPRGVESD 28x129xRL;MA;28.0;129.0;;MA28129;MA 28x129;True
1206822;PPCMASPRGSESD 28x129xRL;MA;28.0;129.0;;MA28129;MA 28x129;True
1206823;PPCMASPRGVESD 28x202xRL;MA;28.0;202.0;;MA28202;MA 28x202;True
1206824;PPCMASPRGSESD 28x202xRL;MA;28.0;202.0;;MA28202;MA 28x202;True
1206825;PPCMASPRGVESD 28x104xRL;MA;28.0;104.0;;MA28104;MA 28x104;True
1206826;PPCMASPRGSESD 28x104xRL;MA;28.0;104.0;;MA28104;MA 28x104;True
1206830;PPCMASPRGVESD 28x194xRL;MA;28.0;194.0;;MA28194;MA 28x194;True
1206831;PPCMASPRGSESD 28x194xRL;MA;28.0;194.0;;MA28194;MA 28x194;True
1206833;PPCMASPRGVESD 42x118xRL;MA;42.0;118.0;;MA42118;MA 42x118;True
1206834;PPCMASPRGSESD 42x118xRL;MA;42.0;118.0;;MA42118;MA 42x118;True
1206841;PPCMASPRGVESD 21x104xRL;MA;21.0;104.0;;MA21104;MA 21x104;True
1206842;PPCMASPRGSESD 21x104xRL;MA;21.0;104.0;;MA21104;MA 21x104;True
1206846;PPCMASTRGVESD 28x129x2440;MA;28.0;129.0;;MA28129;MA 28x129;True
1206847;PPCMASTRGVESD 28x129x3050;MA;28.0;129.0;;MA28129;MA 28x129;True
1206848;PPCMASTRGVESD 28x129x3660;MA;28.0;129.0;;MA28129;MA 28x129;True
1206849;PPCMASTRGVESD 28x129x4270;MA;28.0;129.0;;MA28129;MA 28x129;True
1206850;PPCMASTRGSESD 28x129x2440;MA;28.0;129.0;;MA28129;MA 28x129;True
1206858;PPCMASPRGVESD 39x148xRL;MA;39.0;148.0;;MA39148;MA 39x148;True
1206859;PPCMASPRGSESD 39x148xRL;MA;39.0;148.0;;MA39148;MA 39x148;True
1206871;PPCMASTRGSESD 28x129x3050;MA;28.0;129.0;;MA28129;MA 28x129;True
1206872;PPCMASTRGSESD 28x129x3660;MA;28.0;129.0;;MA28129;MA 28x129;True
1206873;PPCMASTRGSESD 28x129x4270;MA;28.0;129.0;;MA28129;MA 28x129;True
1206884;PPCMASPRGVESD 42x246xRL;MA;42.0;246.0;;MA42246;MA 42x246;True
1206885;PPCMASPRGSESD 42x246xRL;MA;42.0;246.0;;MA42246;MA 42x246;True
1206886;PPCMASPRGVESD 28x118xRL;MA;28.0;118.0;;MA28118;MA 28x118;True
1206887;PPCMASPRGSESD 28x118xRL;MA;28.0;118.0;;MA28118;MA 28x118;True
1206893;PPCMASTRGVESD 28x104x4880;MA;28.0;104.0;;MA28104;MA 28x104;True
1206894;PPCMASTRGSESD 28x104x4880;MA;28.0;104.0;;MA28104;MA 28x104;True
1206895;PPCMASTRGVESD 28x129x4880;MA;28.0;129.0;;MA28129;MA 28x129;True
1206896;PPCMASTRGSESD 28x129x4880;MA;28.0;129.0;;MA28129;MA 28x129;True
1206900;PPCMASPRGVESD 28x150xRL;MA;28.0;150.0;;MA28150;MA 28x150;True
1206911;PPCMASPRGSESD 28x150xRL;MA;28.0;150.0;;MA28150;MA 28x150;True
1206947;PPCMASPRGVESD 42x104xRL;MA;42.0;104.0;;MA42104;MA 42x104;True
1206948;PPCMASPRGSESD 42x104xRL;MA;42.0;104.0;;MA42104;MA 42x104;True
1206971;PPCMASTRGVESD 40x155x3660;MA;40.0;155.0;;MA40155;MA 40x155;True
1206972;PPCMASTRGSESD 40x155x3660;MA;40.0;155.0;;MA40155;MA 40x155;True
1206973;PPCMASTRGVESD 40x155x2440;MA;40.0;155.0;;MA40155;MA 40x155;True
1206974;PPCMASTRGSESD 40x155x2440;MA;40.0;155.0;;MA40155;MA 40x155;True
1206975;PPCMASTRGVESD 40x155x3050;MA;40.0;155.0;;MA40155;MA 40x155;True
1206976;PPCMASTRGSESD 40x155x3050;MA;40.0;155.0;;MA40155;MA 40x155;True
1207001;PPLMASTRGVESD 28x104x2440;MA;28.0;104.0;;MA28104;MA 28x104;True
1207002;PPLMASTRGVESD 28x104x3050;MA;28.0;104.0;;MA28104;MA 28x104;True
1207003;PPLMASTRGVESD 28x104x3660;MA;28.0;104.0;;MA28104;MA 28x104;True
1207004;PPLMASTRGVESD 28x104x4270;MA;28.0;104.0;;MA28104;MA 28x104;True
1207005;PPLMASTRGSESD 28x104x2440;MA;28.0;104.0;;MA28104;MA 28x104;True
1207006;PPLMASTRGSESD 28x104x3050;MA;28.0;104.0;;MA28104;MA 28x104;True
1207007;PPLMASTRGSESD 28x104x3660;MA;28.0;104.0;;MA28104;MA 28x104;True
1207008;PPLMASTRGSESD 28x104x4270;MA;28.0;104.0;;MA28104;MA 28x104;True
1207013;PPLMASTRGVESD 40x129x2440;MA;40.0;129.0;;MA40129;MA 40x129;True
1207014;PPLMASTRGVESD 40x129x3050;MA;40.0;129.0;;MA40129;MA 40x129;True
1207015;PPLMASTRGVESD 40x129x3660;MA;40.0;129.0;;MA40129;MA 40x129;True
1207016;PPLMASTRGVESD 40x129x4270;MA;40.0;129.0;;MA40129;MA 40x129;True
1207017;PPLMASTRGSESD 40x129x2440;MA;40.0;129.0;;MA40129;MA 40x129;True
1207018;PPLMASTRGSESD 40x129x3050;MA;40.0;129.0;;MA40129;MA 40x129;True
1207019;PPLMASTRGSESD 40x129x3660;MA;40.0;129.0;;MA40129;MA 40x129;True
1207020;PPLMASTRGSESD 40x129x4270;MA;40.0;129.0;;MA40129;MA 40x129;True
1207021;PPLMASTRGVESD 28x129x2440;MA;28.0;129.0;;MA28129;MA 28x129;True
1207022;PPLMASTRGVESD 28x129x3050;MA;28.0;129.0;;MA28129;MA 28x129;True
1207023;PPLMASTRGVESD 28x129x3660;MA;28.0;129.0;;MA28129;MA 28x129;True
1207024;PPLMASTRGVESD 28x129x4270;MA;28.0;129.0;;MA28129;MA 28x129;True
1207025;PPLMASTRGSESD 28x129x2440;MA;28.0;129.0;;MA28129;MA 28x129;True
1207026;PPLMASTRGSESD 28x129x3050;MA;28.0;129.0;;MA28129;MA 28x129;True
1207027;PPLMASTRGSESD 28x129x3660;MA;28.0;129.0;;MA28129;MA 28x129;True
1207028;PPLMASTRGSESD 28x129x4270;MA;28.0;129.0;;MA28129;MA 28x129;True
1207031;PPLMASTRGVESD 26x155x2440;MA;26.0;155.0;;MA26155;MA 26x155;True
1207032;PPLMASTRGVESD 26x155x3050;MA;26.0;155.0;;MA26155;MA 26x155;True
1207033;PPLMASTRGVESD 26x155x3660;MA;26.0;155.0;;MA26155;MA 26x155;True
1207034;PPLMASTRGVESD 26x155x4270;MA;26.0;155.0;;MA26155;MA 26x155;True
1207035;PPLMASTRGSESD 26x155x2440;MA;26.0;155.0;;MA26155;MA 26x155;True
1207036;PPLMASTRGSESD 26x155x3050;MA;26.0;155.0;;MA26155;MA 26x155;True
1207037;PPLMASTRGSESD 26x155x3660;MA;26.0;155.0;;MA26155;MA 26x155;True
1207038;PPLMASTRGSESD 26x155x4270;MA;26.0;155.0;;MA26155;MA 26x155;True
1207044;PPCMASPRGVESD 52x52xRL;MA;52.0;52.0;;MA5252;MA 52x52;True
1207045;PPCMASPRGVESD 67x67xRL;MA;67.0;67.0;;MA6767;MA 67x67;True
1207046;PPCMASPRGSESD 52x52xRL;MA;52.0;52.0;;MA5252;MA 52x52;True
1207047;PPCMASPRGSESD 67x67xRL;MA;67.0;67.0;;MA6767;MA 67x67;True
1207071;PPCMASPRGVESD 75x129xRL;MA;75.0;129.0;;MA75129;MA 75x129;True
1207072;PPCMASPRGSESD 75x129xRL;MA;75.0;129.0;;MA75129;MA 75x129;True
1207091;PPLMASTRGVESD 40x129x4880;MA;40.0;129.0;;MA40129;MA 40x129;True
1207092;PPLMASTRGSESD 40x129x4880;MA;40.0;129.0;;MA40129;MA 40x129;True
1207093;PPLMASTRGVESD 26x155x4880;MA;26.0;155.0;;MA26155;MA 26x155;True
1207094;PPLMASTRGSESD 26x155x4880;MA;26.0;155.0;;MA26155;MA 26x155;True
1207121;PPLMASTRGVESD 26x155x2745;MA;26.0;155.0;;MA26155;MA 26x155;True
1207122;PPLMASTRGSESD 26x155x2745;MA;26.0;155.0;;MA26155;MA 26x155;True
1207123;PPLMASTRGVESD 26x155x3355;MA;26.0;155.0;;MA26155;MA 26x155;True
1207124;PPLMASTRGSESD 26x155x3355;MA;26.0;155.0;;MA26155;MA 26x155;True
1207125;PPLMASTRGVESD 26x155x3965;MA;26.0;155.0;;MA26155;MA 26x155;True
1207126;PPLMASTRGSESD 26x155x3965;MA;26.0;155.0;;MA26155;MA 26x155;True
1207127;PPLMASTRGVESD 40x129x2745;MA;40.0;129.0;;MA40129;MA 40x129;True
1207128;PPLMASTRGSESD 40x129x2745;MA;40.0;129.0;;MA40129;MA 40x129;True
1207129;PPLMASTRGVESD 40x129x3355;MA;40.0;129.0;;MA40129;MA 40x129;True
1207130;PPLMASTRGSESD 40x129x3355;MA;40.0;129.0;;MA40129;MA 40x129;True
1207131;PPLMASTRGVESD 40x129x3965;MA;40.0;129.0;;MA40129;MA 40x129;True
1207132;PPLMASTRGSESD 40x129x3965;MA;40.0;129.0;;MA40129;MA 40x129;True
1207141;PPCMASPRGVESD 98x150xRL;MA;98.0;150.0;;MA98150;MA 98x150;True
1207142;PPCMASPRGSESD 98x150xRL;MA;98.0;150.0;;MA98150;MA 98x150;True
1207151;PPCMASPRGVESD 55x155x3660;MA;55.0;155.0;;MA55155;MA 55x155;True
1207152;PPCMASPRGSESD 55x155x3660;MA;55.0;155.0;;MA55155;MA 55x155;True
1207153;PPCMASPRGVESD 55x155x3050;MA;55.0;155.0;;MA55155;MA 55x155;True
1207154;PPCMASPRGVESD 55x155x2440;MA;55.0;155.0;;MA55155;MA 55x155;True
1207155;PPCMASPRGSESD 55x155x3050;MA;55.0;155.0;;MA55155;MA 55x155;True
1207156;PPCMASPRGSESD 55x155x2440;MA;55.0;155.0;;MA55155;MA 55x155;True
1207185;PPCMASPRGVESD 55x155x4270;MA;55.0;155.0;;MA55155;MA 55x155;True
1207186;PPCMASPRGSESD 55x155x4270;MA;55.0;155.0;;MA55155;MA 55x155;True
1207211;PPCMASTRGVESD 50x98xRL;MA;50.0;98.0;;MA5098;MA 50x98;True
1207212;PPCMASTRGVESD 50x148xRL;MA;50.0;148.0;;MA50148;MA 50x148;True
1207213;PPCMASTRGVESD 50x202xRL;MA;50.0;202.0;;MA50202;MA 50x202;True
1207214;PPCMASTRGSESD 50x98xRL;MA;50.0;98.0;;MA5098;MA 50x98;True
1207215;PPCMASTRGSESD 50x148xRL;MA;50.0;148.0;;MA50148;MA 50x148;True
1207216;PPCMASTRGSESD 50x202xRL;MA;50.0;202.0;;MA50202;MA 50x202;True
1207221;PPCMASTRGVESD 42x98xRL;MA;42.0;98.0;;MA4298;MA 42x98;True
1207222;PPCMASTRGSESD 42x98xRL;MA;42.0;98.0;;MA4298;MA 42x98;True
1207225;PPCMASTRGVESD 42x148xRL;MA;42.0;148.0;;MA42148;MA 42x148;True
1207226;PPCMASTRGSESD 42x148xRL;MA;42.0;148.0;;MA42148;MA 42x148;True
1207231;PPCMASTRGVESD 42x95xRL;MA;42.0;95.0;;MA4295;MA 42x95;True
1207232;PPCMASTRGSESD 42x95xRL;MA;42.0;95.0;;MA4295;MA 42x95;True
1207233;PPCMASTRGVESD 42x194xRL;MA;42.0;194.0;;MA42194;MA 42x194;True
1207234;PPCMASTRGSESD 42x194xRL;MA;42.0;194.0;;MA42194;MA 42x194;True
1207281;PPCMASPRGVESD 21x148xRL;MA;21.0;148.0;;MA21148;MA 21x148;True
1207282;PPCMASPRGSESD 21x148xRL;MA;21.0;148.0;;MA21148;MA 21x148;True
1207299;PPCMASPRGVESD 23x75xRL;MA;23.0;75.0;;MA2375;MA 23x75;True
1207300;PPCMASPRGVESD 27x75xRL;MA;27.0;75.0;;MA2775;MA 27x75;True
1207321;PPCMASPRGVESD 42x75xRL;MA;42.0;75.0;;MA4275;MA 42x75;True
1207322;PPCMASPRGSESD 23x75xRL;MA;23.0;75.0;;MA2375;MA 23x75;True
1207323;PPCMASPRGSESD 27x75xRL;MA;27.0;75.0;;MA2775;MA 27x75;True
1207324;PPCMASPRGSESD 42x75xRL;MA;42.0;75.0;;MA4275;MA 42x75;True
1207334;PPCMASPRGVESD 95x95xRL;MA;95.0;95.0;;MA9595;MA 95x95;True
1207335;PPCMASPRGSESD 95x95xRL;MA;95.0;95.0;;MA9595;MA 95x95;True
1207341;PPCMASPRGVESD 55x155x4880;MA;55.0;155.0;;MA55155;MA 55x155;True
1207342;PPCMASPRGSESD 55x155x4880;MA;55.0;155.0;;MA55155;MA 55x155;True
1207351;PPCMASPRGVESD 21x150xRL;MA;21.0;150.0;;MA21150;MA 21x150;True
1207352;PPCMASPRGSESD 21x150xRL;MA;21.0;150.0;;MA21150;MA 21x150;True
1207381;PPCMASPRGVESD 23x77xRL;MA;23.0;77.0;;MA2377;MA 23x77;True
1207382;PPCMASPRGSESD 23x77xRL;MA;23.0;77.0;;MA2377;MA 23x77;True
1207392;PPCMASPRGVESD 50x95xRL;MA;50.0;95.0;;MA5095;MA 50x95;True
1207393;PPCMASPRGSESD 50x95xRL;MA;50.0;95.0;;MA5095;MA 50x95;True
1207483;PPCMASPRGVESD 21x202xRL;MA;21.0;202.0;;MA21202;MA 21x202;True
1207484;PPCMASPRGSESD 21x202xRL;MA;21.0;202.0;;MA21202;MA 21x202;True
1207544;PPCMASPRGVESD 26x156xRL;MA;26.0;156.0;;MA26156;MA 26x156;True
1207545;PPCMASPRGSESD 26x156xRL;MA;26.0;156.0;;MA26156;MA 26x156;True
1207551;PPCMASTRGVESD 23x104xRL;MA;23.0;104.0;;MA23104;MA 23x104;True
1207552;PPCMASTRGSESD 23x104xRL;MA;23.0;104.0;;MA23104;MA 23x104;True
1207553;PPCMASTRGVESD 23x129xRL;MA;23.0;129.0;;MA23129;MA 23x129;True
1207554;PPCMASTRGSESD 23x129xRL;MA;23.0;129.0;;MA23129;MA 23x129;True
1207562;PPCMASTRGVESD 23x194xRL;MA;23.0;194.0;;MA23194;MA 23x194;True
1207563;PPCMASTRGSESD 23x194xRL;MA;23.0;194.0;;MA23194;MA 23x194;True
1207571;PPCMASTRGVESD 23x150xRL;MA;23.0;150.0;;MA23150;MA 23x150;True
1207572;PPCMASTRGSESD 23x150xRL;MA;23.0;150.0;;MA23150;MA 23x150;True
1207573;PPCMASTRGVESD 23x202xRL;MA;23.0;202.0;;MA23202;MA 23x202;True
1207574;PPCMASTRGSESD 23x202xRL;MA;23.0;202.0;;MA23202;MA 23x202;True
1207575;PPCMASPRGVESD 38x95xRL;MA;38.0;95.0;;MA3895;MA 38x95;True
1207576;PPCMASPRGSESD 38x95xRL;MA;38.0;95.0;;MA3895;MA 38x95;True
1207577;PPCMASPRGVESD 75x95xRL;MA;75.0;95.0;;MA7595;MA 75x95;True
1207578;PPCMASPRGSESD 75x95xRL;MA;75.0;95.0;;MA7595;MA 75x95;True
1207581;PPCMASTRGVESD 33x104xRL;MA;33.0;104.0;;MA33104;MA 33x104;True
1207582;PPCMASTRGSESD 33x104xRL;MA;33.0;104.0;;MA33104;MA 33x104;True
1207583;PPCMASTRGVESD 21x150xRL;MA;21.0;150.0;;MA21150;MA 21x150;True
1207584;PPCMASTRGSESD 21x150xRL;MA;21.0;150.0;;MA21150;MA 21x150;True
1207593;PPCMASPRGVESD 57x104xRL;MA;57.0;104.0;;MA57104;MA 57x104;True
1207594;PPCMASPRGSESD 57x104xRL;MA;57.0;104.0;;MA57104;MA 57x104;True
1207643;PPCMASPRGVESD 89x89xRL;MA;89.0;89.0;;MA8989;MA 89x89;True
1207644;PPCMASPRGSESD 89x89xRL;MA;89.0;89.0;;MA8989;MA 89x89;True
1207646;PPCMASTRGVESD 32x89xRL;MA;32.0;89.0;;MA3289;MA 32x89;True
1207647;PPCMASTRGSESD 32x89xRL;MA;32.0;89.0;;MA3289;MA 32x89;True
1207655;PPCMASTRGVESD 26x89xRL;MA;26.0;89.0;;MA2689;MA 26x89;True
1207656;PPCMASTRGSESD 26x89xRL;MA;26.0;89.0;;MA2689;MA 26x89;True
1207661;PPCMASTRGVESD 16x89xRL;MA;16.0;89.0;;MA1689;MA 16x89;True
1207662;PPCMASTRGSESD 16x89xRL;MA;16.0;89.0;;MA1689;MA 16x89;True
1207693;PPCMASTRGVESD 17x145xRL;MA;17.0;145.0;;MA17145;MA 17x145;True
1207694;PPCMASTRGSESD 17x145xRL;MA;17.0;145.0;;MA17145;MA 17x145;True
1207704;PPCMASTRGVESD 23x89xRL;MA;23.0;89.0;;MA2389;MA 23x89;True
1207705;PPCMASTRGSESD 23x89xRL;MA;23.0;89.0;;MA2389;MA 23x89;True
1207706;PPCMASTRGVESD 16x98xRL;MA;16.0;98.0;;MA1698;MA 16x98;True
1207708;PPCMASPRGSESD 16x98xRL;MA;16.0;98.0;;MA1698;MA 16x98;True
1207713;PPCMASPRGVESD 18x89xRL;MA;18.0;89.0;;MA1889;MA 18x89;True
1207714;PPCMASPRGSESD 18x89xRL;MA;18.0;89.0;;MA1889;MA 18x89;True
1207725;PPCMASPRGVESD 50x70xRL;MA;50.0;70.0;;MA5070;MA 50x70;True
1207726;PPCMASPRGSESD 50x70xRL;MA;50.0;70.0;;MA5070;MA 50x70;True
1207751;PPLMASTRGVESD 20x77xRL;MA;20.0;77.0;;MA2077;MA 20x77;True
1207752;PPLMASTRGSESD 20x77xRL;MA;20.0;77.0;;MA2077;MA 20x77;True
1207753;PPLMASTRGVESD 20x98xRL;MA;20.0;98.0;;MA2098;MA 20x98;True
1207754;PPLMASTRGSESD 20x98xRL;MA;20.0;98.0;;MA2098;MA 20x98;True
1207755;PPLMASTRGVESD 20x104xRL;MA;20.0;104.0;;MA20104;MA 20x104;True
1207756;PPLMASTRGSESD 20x104xRL;MA;20.0;104.0;;MA20104;MA 20x104;True
1207757;PPLMASTRGVESD 20x129xRL;MA;20.0;129.0;;MA20129;MA 20x129;True
1207758;PPLMASTRGSESD 20x129xRL;MA;20.0;129.0;;MA20129;MA 20x129;True
1207759;PPLMASTRGVESD 20x150xRL;MA;20.0;150.0;;MA20150;MA 20x150;True
1207760;PPLMASTRGSESD 20x150xRL;MA;20.0;150.0;;MA20150;MA 20x150;True
1207761;PPLMASTRGVESD 20x157xRL;MA;20.0;157.0;;MA20157;MA 20x157;True
1207762;PPLMASTRGSESD 20x157xRL;MA;20.0;157.0;;MA20157;MA 20x157;True
1207763;PPLMASTRGVESD 20x202xRL;MA;20.0;202.0;;MA20202;MA 20x202;True
1207764;PPLMASTRGSESD 20x202xRL;MA;20.0;202.0;;MA20202;MA 20x202;True
1207774;PPLMASTRGVESD 23x202xRL;MA;23.0;202.0;;MA23202;MA 23x202;True
1207775;PPLMASTRGSESD 23x202xRL;MA;23.0;202.0;;MA23202;MA 23x202;True
1207791;PPCMASPRGVESD 75x98xRL;MA;75.0;98.0;;MA7598;MA 75x98;True
1207792;PPCMASPRGSESD 75x98xRL;MA;75.0;98.0;;MA7598;MA 75x98;True
1207794;PPCMASPRGVESD 34x148xRL;MA;34.0;148.0;;MA34148;MA 34x148;True
1207795;PPCMASPRGSESD 34x148xRL;MA;34.0;148.0;;MA34148;MA 34x148;True
1207871;PPLMASPRGVESD 26x148xRL;MA;26.0;148.0;;MA26148;MA 26x148;True
1207872;PPLMASPRGSESD 26x148xRL;MA;26.0;148.0;;MA26148;MA 26x148;True
1207883;PPLMASPRGVESD 26x70xRL;MA;26.0;70.0;;MA2670;MA 26x70;True
1207884;PPLMASPRGSESD 26x70xRL;MA;26.0;70.0;;MA2670;MA 26x70;True
1207891;PPLMAPRRGVESD 50x129xRL;MA;50.0;129.0;;MA50129;MA 50x129;True
1207892;PPLMAPRRGSESD 50x129xRL;MA;50.0;129.0;;MA50129;MA 50x129;True
1207992;PPLMAPRRGVESD 50x148xRL;MA;50.0;148.0;;MA50148;MA 50x148;True
1207993;PPLMAPRRGSESD 50x148xRL;MA;50.0;148.0;;MA50148;MA 50x148;True
1208072;PPCMASTRGVESD 18x202xRL;MA;18.0;202.0;;MA18202;MA 18x202;True
1208073;PPCMASTRGSESD 18x202xRL;MA;18.0;202.0;;MA18202;MA 18x202;True
1208076;PPCMASTRGVESD 38x104xRL;MA;38.0;104.0;;MA38104;MA 38x104;True
1208078;PPCMASTRGSESD 38x104xRL;MA;38.0;104.0;;MA38104;MA 38x104;True
1208082;PPCMASTRGVESD 32x202xRL;MA;32.0;202.0;;MA32202;MA 32x202;True
1208083;PPCMASTRGSESD 32x202xRL;MA;32.0;202.0;;MA32202;MA 32x202;True
1208094;PPCMASTRGVESD 38x89xRL;MA;38.0;89.0;;MA3889;MA 38x89;True
1208095;PPCMASTRGSESD 38x89xRL;MA;38.0;89.0;;MA3889;MA 38x89;True
1208111;PPLMAPRRGVESD 50x98xRL;MA;50.0;98.0;;MA5098;MA 50x98;True
1208112;PPLMAPRRGSESD 50x98xRL;MA;50.0;98.0;;MA5098;MA 50x98;True
1208153;PPCMASPRGVESD 89x129xRL;MA;89.0;129.0;;MA89129;MA 89x129;True
1208154;PPCMASPRGSESD 89x129xRL;MA;89.0;129.0;;MA89129;MA 89x129;True
1208162;PPCMASTRGVESD 16x140xRL;MA;16.0;140.0;;MA16140;MA 16x140;True
1208163;PPCMASTRGSESD 16x140xRL;MA;16.0;140.0;;MA16140;MA 16x140;True
1208174;PPCMASTRGVESD 18x147xRL;MA;18.0;147.0;;MA18147;MA 18x147;True
1208175;PPCMASTRGSESD 18x147xRL;MA;18.0;147.0;;MA18147;MA 18x147;True
1208178;PPCMASTRGVESD 18x124xRL;MA;18.0;124.0;;MA18124;MA 18x124;True
1208179;PPCMASTRGSESD 18x124xRL;MA;18.0;124.0;;MA18124;MA 18x124;True
1208183;PPCMASPRGVESD 18x104xRL;MA;18.0;104.0;;MA18104;MA 18x104;True
1208184;PPCMASPRGSESD 18x104xRL;MA;18.0;104.0;;MA18104;MA 18x104;True
1208211;PPCMASTRGVESD 18x150xRL;MA;18.0;150.0;;MA18150;MA 18x150;True
1208212;PPCMASTRGSESD 18x150xRL;MA;18.0;150.0;;MA18150;MA 18x150;True
1208222;PPLMASTRGVESD 18x129xRL;MA;18.0;129.0;;MA18129;MA 18x129;True
1208223;PPLMASTRGSESD 18x129xRL;MA;18.0;129.0;;MA18129;MA 18x129;True
1208225;PPLMASTRGVESD 18x150xRL;MA;18.0;150.0;;MA18150;MA 18x150;True
1208226;PPLMASTRGSESD 18x150xRL;MA;18.0;150.0;;MA18150;MA 18x150;True
1208228;PPLMASTRGVESD 18x202xRL;MA;18.0;202.0;;MA18202;MA 18x202;True
1208229;PPLMASTRGSESD 18x202xRL;MA;18.0;202.0;;MA18202;MA 18x202;True
1208232;PPLMASTRGVESD 16x129xRL;MA;16.0;129.0;;MA16129;MA 16x129;True
1208233;PPLMASTRGSESD 16x129xRL;MA;16.0;129.0;;MA16129;MA 16x129;True
1208234;PPLMASTRGVESD 16x150xRL;MA;16.0;150.0;;MA16150;MA 16x150;True
1208235;PPLMASTRGSESD 16x150xRL;MA;16.0;150.0;;MA16150;MA 16x150;True
1208253;PPCMASTRGVESD 18x140xRL;MA;18.0;140.0;;MA18140;MA 18x140;True
1208254;PPCMASTRGSESD 18x140xRL;MA;18.0;140.0;;MA18140;MA 18x140;True
1208263;PPCMASTRGVESD 26x260xRL;MA;26.0;260.0;;MA26260;MA 26x260;True
1208264;PPCMASTRGSESD 26x260xRL;MA;26.0;260.0;;MA26260;MA 26x260;True
1208324;PPLMASTRGVESD 16x130xRL;MA;16.0;130.0;;MA16130;MA 16x130;True
1208325;PPLMASTRGVESD 16x151xRL;MA;16.0;151.0;;MA16151;MA 16x151;True
1208330;PPLMASTRGVESD 18x130xRL;MA;18.0;130.0;;MA18130;MA 18x130;True
1208331;PPLMASTRGVESD 18x151xRL;MA;18.0;151.0;;MA18151;MA 18x151;True
1208332;PPLMASTRGVESD 18x203xRL;MA;18.0;203.0;;MA18203;MA 18x203;True
1208333;PPLMASTRGVESD 20x130xRL;MA;20.0;130.0;;MA20130;MA 20x130;True
1208334;PPLMASTRGVESD 20x151xRL;MA;20.0;151.0;;MA20151;MA 20x151;True
1208335;PPLMASTRGVESD 20x158xRL;MA;20.0;158.0;;MA20158;MA 20x158;True
1208336;PPLMASTRGVESD 20x203xRL;MA;20.0;203.0;;MA20203;MA 20x203;True
1208342;PPCMASPRGVESD 23x96xRL;MA;23.0;96.0;;MA2396;MA 23x96;True
1208343;PPCMASPRGVESD 23x99xRL;MA;23.0;99.0;;MA2399;MA 23x99;True
1208344;PPCMASPRGVESD 23x200xRL;MA;23.0;200.0;;MA23200;MA 23x200;True
1208345;PPCMAPRRGVESD 23x96xRL;MA;23.0;96.0;;MA2396;MA 23x96;True
1208351;PPLMASPRGVESD 23x149xRL;MA;23.0;149.0;;MA23149;MA 23x149;True
1208352;PPLMASPRGVESD 23x130xRL;MA;23.0;130.0;;MA23130;MA 23x130;True
1208353;PPLMASPRGVESD 23x151xRL;MA;23.0;151.0;;MA23151;MA 23x151;True
1208354;PPLMASPRGVESD 23x203xRL;MA;23.0;203.0;;MA23203;MA 23x203;True
1208355;PPLMASTRGVESD 23x203xRL;MA;23.0;203.0;;MA23203;MA 23x203;True
1208361;PPLMASPRGVESD 26x151xRL;MA;26.0;151.0;;MA26151;MA 26x151;True
1208362;PPLMASPRGVESD 26x149xRL;MA;26.0;149.0;;MA26149;MA 26x149;True
1208384;PPCMASTRGVESD 37x104xRL;MA;37.0;104.0;;MA37104;MA 37x104;True
1208385;PPCMASTRGVESD 37x89xRL;MA;37.0;89.0;;MA3789;MA 37x89;True
1208387;PPCMASPRGVESD 43x148xRL;MA;43.0;148.0;;MA43148;MA 43x148;True
1208388;PPCMASPRGVESD 43x194xRL;MA;43.0;194.0;;MA43194;MA 43x194;True
1208389;PPCMASPRGVESD 43x96xRL;MA;43.0;96.0;;MA4396;MA 43x96;True
1208390;PPCMASTRGVESD 43x148xRL;MA;43.0;148.0;;MA43148;MA 43x148;True
1208391;PPCMASTRGVESD 43x96xRL;MA;43.0;96.0;;MA4396;MA 43x96;True
1208392;PPCMASTRGVESD 43x194xRL;MA;43.0;194.0;;MA43194;MA 43x194;True
1208397;PPCMAPRRGVESD 50x130xRL;MA;50.0;130.0;;MA50130;MA 50x130;True
1208402;PPCMAPRRGVESD 50x200xRL;MA;50.0;200.0;;MA50200;MA 50x200;True
1208404;PPLMAPRRGVESD 50x130xRL;MA;50.0;130.0;;MA50130;MA 50x130;True
1208405;PPLMAPRRGVESD 50x149xRL;MA;50.0;149.0;;MA50149;MA 50x149;True
1208406;PPCMAPRRGVESD 75x200xRL;MA;75.0;200.0;;MA75200;MA 75x200;True
1208407;PPCMASPRGVESD 96x96xRL;MA;96.0;96.0;;MA9696;MA 96x96;True
1208408;PPLMASTRGSESD 16x130xRL;MA;16.0;130.0;;MA16130;MA 16x130;True
1208409;PPLMASTRGSESD 16x151xRL;MA;16.0;151.0;;MA16151;MA 16x151;True
1208414;PPLMASTRGSESD 18x130xRL;MA;18.0;130.0;;MA18130;MA 18x130;True
1208415;PPLMASTRGSESD 18x151xRL;MA;18.0;151.0;;MA18151;MA 18x151;True
1208416;PPLMASTRGSESD 18x203xRL;MA;18.0;203.0;;MA18203;MA 18x203;True
1208417;PPLMASTRGSESD 20x130xRL;MA;20.0;130.0;;MA20130;MA 20x130;True
1208418;PPLMASTRGSESD 20x151xRL;MA;20.0;151.0;;MA20151;MA 20x151;True
1208419;PPLMASTRGSESD 20x158xRL;MA;20.0;158.0;;MA20158;MA 20x158;True
1208420;PPLMASTRGSESD 20x203xRL;MA;20.0;203.0;;MA20203;MA 20x203;True
1208426;PPCMASPRGSESD 23x96xRL;MA;23.0;96.0;;MA2396;MA 23x96;True
1208427;PPCMASPRGSESD 23x99xRL;MA;23.0;99.0;;MA2399;MA 23x99;True
1208428;PPCMASPRGSESD 23x200xRL;MA;23.0;200.0;;MA23200;MA 23x200;True
1208429;PPCMAPRRGSESD 23x96xRL;MA;23.0;96.0;;MA2396;MA 23x96;True
1208435;PPLMASPRGSESD 23x149xRL;MA;23.0;149.0;;MA23149;MA 23x149;True
1208436;PPLMASPRGSESD 23x130xRL;MA;23.0;130.0;;MA23130;MA 23x130;True
1208437;PPLMASPRGSESD 23x151xRL;MA;23.0;151.0;;MA23151;MA 23x151;True
1208438;PPLMASPRGSESD 23x203xRL;MA;23.0;203.0;;MA23203;MA 23x203;True
1208439;PPLMASTRGSESD 23x203xRL;MA;23.0;203.0;;MA23203;MA 23x203;True
1208445;PPLMASPRGSESD 26x151xRL;MA;26.0;151.0;;MA26151;MA 26x151;True
1208446;PPLMASPRGSESD 26x149xRL;MA;26.0;149.0;;MA26149;MA 26x149;True
1208468;PPCMASTRGSESD 37x104xRL;MA;37.0;104.0;;MA37104;MA 37x104;True
1208469;PPCMASTRGSESD 37x89xRL;MA;37.0;89.0;;MA3789;MA 37x89;True
1208472;PPCMASPRGSESD 43x148xRL;MA;43.0;148.0;;MA43148;MA 43x148;True
1208473;PPCMASPRGSESD 43x194xRL;MA;43.0;194.0;;MA43194;MA 43x194;True
1208474;PPCMASPRGSESD 43x96xRL;MA;43.0;96.0;;MA4396;MA 43x96;True
1208475;PPCMASTRGSESD 43x148xRL;MA;43.0;148.0;;MA43148;MA 43x148;True
1208476;PPCMASTRGSESD 43x96xRL;MA;43.0;96.0;;MA4396;MA 43x96;True
1208477;PPCMASTRGSESD 43x194xRL;MA;43.0;194.0;;MA43194;MA 43x194;True
1208491;PPCMAPRRGSESD 50x130xRL;MA;50.0;130.0;;MA50130;MA 50x130;True
1208496;PPCMAPRRGSESD 50x200xRL;MA;50.0;200.0;;MA50200;MA 50x200;True
1208498;PPLMAPRRGSESD 50x130xRL;MA;50.0;130.0;;MA50130;MA 50x130;True
1208499;PPLMAPRRGSESD 50x149xRL;MA;50.0;149.0;;MA50149;MA 50x149;True
1208500;PPCMAPRRGSESD 75x200xRL;MA;75.0;200.0;;MA75200;MA 75x200;True
1208501;PPCMASPRGSESD 96x96xRL;MA;96.0;96.0;;MA9696;MA 96x96;True
1208513;PPCMASPRGVESD 50x99xRL;MA;50.0;99.0;;MA5099;MA 50x99;True
1208514;PPCMASPRGSESD 50x99xRL;MA;50.0;99.0;;MA5099;MA 50x99;True
1208521;PPLMAPRRGVESD 50x99xRL;MA;50.0;99.0;;MA5099;MA 50x99;True
1208522;PPLMAPRRGSESD 50x99xRL;MA;50.0;99.0;;MA5099;MA 50x99;True
1208523;PPCMAPRRGVESD 50x99xRL;MA;50.0;99.0;;MA5099;MA 50x99;True
1208524;PPCMAPRRGSESD 50x99xRL;MA;50.0;99.0;;MA5099;MA 50x99;True
1208541;PPCMASPRGVESD 23x130xRL;MA;23.0;130.0;;MA23130;MA 23x130;True
1208542;PPCMASPRGSESD 23x130xRL;MA;23.0;130.0;;MA23130;MA 23x130;True
1208581;PPCMASTRGVESD 50x104xRL;MA;50.0;104.0;;MA50104;MA 50x104;True
1208582;PPCMASTRGSESD 50x104xRL;MA;50.0;104.0;;MA50104;MA 50x104;True
1208611;PPCMASTRGVESD 18x98xRL;MA;18.0;98.0;;MA1898;MA 18x98;True
1208612;PPCMASTRGSESD 18x98xRL;MA;18.0;98.0;;MA1898;MA 18x98;True
1208613;PPCMASTRGVESD 83x104xRL;MA;83.0;104.0;;MA83104;MA 83x104;True
1208614;PPCMASTRGSESD 83x104xRL;MA;83.0;104.0;;MA83104;MA 83x104;True
1208616;PPCMASTRGSESD 15x86xRL;MA;15.0;86.0;;MA1586;MA 15x86;True
1208617;PPCMASTRGSESD 17x86xRL;MA;17.0;86.0;;MA1786;MA 17x86;True
1208620;PPLMASPRGVESD 23x96xRL;MA;23.0;96.0;;MA2396;MA 23x96;True
1208621;PPLMASPRGSESD 23x96xRL;MA;23.0;96.0;;MA2396;MA 23x96;True
1208635;PPCMASTRGVESD 90x90xRL;MA;90.0;90.0;;MA9090;MA 90x90;True
1208636;PPCMASTRGSESD 90x90xRL;MA;90.0;90.0;;MA9090;MA 90x90;True
1208643;PPCMASTRGVESD 22x92xRL;MA;22.0;92.0;;MA2292;MA 22x92;True
1208644;PPCMASTRGSESD 22x92xRL;MA;22.0;92.0;;MA2292;MA 22x92;True
1208658;PPCMASPRGVESD 23x128xRL;MA;23.0;128.0;;MA23128;MA 23x128;True
1208659;PPCMASPRGSESD 23x128xRL;MA;23.0;128.0;;MA23128;MA 23x128;True
1208661;PPCMASPRGVESD 23x102xRL;MA;23.0;102.0;;MA23102;MA 23x102;True
1208662;PPCMASPRGSESD 23x102xRL;MA;23.0;102.0;;MA23102;MA 23x102;True
1208677;PPCMASTRGVESD 50x124xRL;MA;50.0;124.0;;MA50124;MA 50x124;True
1208678;PPCMASTRGSESD 50x124xRL;MA;50.0;124.0;;MA50124;MA 50x124;True
1208679;PPCMASTRGVESD 37x150xRL;MA;37.0;150.0;;MA37150;MA 37x150;True
1208681;PPCMASTRGSESD 37x150xRL;MA;37.0;150.0;;MA37150;MA 37x150;True
1208711;PPCMASTRGVESD 104x104xRL;MA;104.0;104.0;;MA104104;MA 104x104;True
1208713;PPCMASTRGSESD 104x104xRL;MA;104.0;104.0;;MA104104;MA 104x104;True
1208723;PPCMASTRGVESD 18x155xRL;MA;18.0;155.0;;MA18155;MA 18x155;True
1208724;PPCMASTRGSESD 18x155xRL;MA;18.0;155.0;;MA18155;MA 18x155;True
1208726;PPCMASTRGVESD 79x79xRL;MA;79.0;79.0;;MA7979;MA 79x79;True
1208727;PPCMASTRGSESD 79x79xRL;MA;79.0;79.0;;MA7979;MA 79x79;True
1208731;PPCMASTRGVESD 18x181xRL;MA;18.0;181.0;;MA18181;MA 18x181;True
1208732;PPCMASTRGSESD 18x181xRL;MA;18.0;181.0;;MA18181;MA 18x181;True
1208745;PPCMASTRGVESD 41x93xRL;MA;41.0;93.0;;MA4193;MA 41x93;True
1208746;PPCMASTRGSESD 41x93xRL;MA;41.0;93.0;;MA4193;MA 41x93;True
1208749;PPCMASTRGVESD 72x148xRL;MA;72.0;148.0;;MA72148;MA 72x148;True
1208750;PPCMASTRGSESD 72x148xRL;MA;72.0;148.0;;MA72148;MA 72x148;True
1208752;PPCMASTRGVESD 72x72xRL;MA;72.0;72.0;;MA7272;MA 72x72;True
1208753;PPCMASTRGSESD 72x72xRL;MA;72.0;72.0;;MA7272;MA 72x72;True
1208761;PPCMASTRGVESD 28x128xRL;MA;28.0;128.0;;MA28128;MA 28x128;True
1208762;PPCMASTRGSESD 28x128xRL;MA;28.0;128.0;;MA28128;MA 28x128;True
1208772;PPCMASTRGVESD 70x70xRL;MA;70.0;70.0;;MA7070;MA 70x70;True
1208773;PPCMASTRGSESD 70x70xRL;MA;70.0;70.0;;MA7070;MA 70x70;True
1208778;PPCMASTRGVESD 38x140xRL;MA;38.0;140.0;;MA38140;MA 38x140;True
1208779;PPCMASTRGSESD 38x140xRL;MA;38.0;140.0;;MA38140;MA 38x140;True
1208784;PPCMASTRGVESD 40x202xRL;MA;40.0;202.0;;MA40202;MA 40x202;True
1208785;PPCMASTRGSESD 40x202xRL;MA;40.0;202.0;;MA40202;MA 40x202;True
1208787;PPCMASTRGVESD 40x129xRL;MA;40.0;129.0;;MA40129;MA 40x129;True
1208788;PPCMASTRGSESD 40x129xRL;MA;40.0;129.0;;MA40129;MA 40x129;True
1208790;PPCMASTRGVESD 40x150xRL;MA;40.0;150.0;;MA40150;MA 40x150;True
1208791;PPCMASTRGSESD 40x150xRL;MA;40.0;150.0;;MA40150;MA 40x150;True
1208792;PPCMASTRGVESD 16x153xRL;MA;16.0;153.0;;MA16153;MA 16x153;True
1208793;PPCMASTRGSESD 16x153xRL;MA;16.0;153.0;;MA16153;MA 16x153;True
1208796;PPCMASTRGVESD 20x92xRL;MA;20.0;92.0;;MA2092;MA 20x92;True
1208798;PPCMASTRGSESD 20x92xRL;MA;20.0;92.0;;MA2092;MA 20x92;True
1208800;PPCMASTRGVESD 23x140xRL;MA;23.0;140.0;;MA23140;MA 23x140;True
1208801;PPCMASTRGSESD 23x140xRL;MA;23.0;140.0;;MA23140;MA 23x140;True
1208804;PPCMASPRGVESD 23x96x8+8;MA;23.0;96.0;8+8;MA2396;MA 23x96;True
1208805;PPCMASPRGSESD 23x96x8+8;MA;23.0;96.0;8+8;MA2396;MA 23x96;True
1208806;PPCMASTRGVESD 29x150xRL;MA;29.0;150.0;;MA29150;MA 29x150;True
1208807;PPCMASTRGSESD 29x150xRL;MA;29.0;150.0;;MA29150;MA 29x150;True
1208813;PPCMASPRGVESD 23x148x8+8;MA;23.0;148.0;8+8;MA23148;MA 23x148;True
1208814;PPCMASPRGSESD 23x148x8+8;MA;23.0;148.0;8+8;MA23148;MA 23x148;True
1208831;PPCMASTRGVESD 35x89xRL;MA;35.0;89.0;;MA3589;MA 35x89;True
1208832;PPCMASTRGSESD 35x89xRL;MA;35.0;89.0;;MA3589;MA 35x89;True
1208841;PPLMASPRGVESD 28x129xRL;MA;28.0;129.0;;MA28129;MA 28x129;True
1208842;PPLMASPRGSESD 28x129xRL;MA;28.0;129.0;;MA28129;MA 28x129;True
1208843;PPCMASPRGVESD 30x128xRL;MA;30.0;128.0;;MA30128;MA 30x128;True
1208844;PPCMASPRGSESD 30x128xRL;MA;30.0;128.0;;MA30128;MA 30x128;True
1208845;PPCMASTRGVESD 32x89x8+8;MA;32.0;89.0;8+8;MA3289;MA 32x89;True
1208846;PPCMASTRGSESD 32x89x8+8;MA;32.0;89.0;8+8;MA3289;MA 32x89;True
1208847;PPCMASTRGVESD 23x104x8+8;MA;23.0;104.0;8+8;MA23104;MA 23x104;True
1208848;PPCMASTRGSESD 23x104x8+8;MA;23.0;104.0;8+8;MA23104;MA 23x104;True
1208854;PPLMASPRGVESD 28x104xRL;MA;28.0;104.0;;MA28104;MA 28x104;True
1208855;PPLMASPRGSESD 28x104xRL;MA;28.0;104.0;;MA28104;MA 28x104;True
1208858;PPCMASTRGVESD 40x157xRL;MA;40.0;157.0;;MA40157;MA 40x157;True
1208859;PPCMASTRGSESD 40x157xRL;MA;40.0;157.0;;MA40157;MA 40x157;True
1208862;PPCMASTRGVESD 17x89xRL;MA;17.0;89.0;;MA1789;MA 17x89;True
1208863;PPCMASTRGSESD 17x89xRL;MA;17.0;89.0;;MA1789;MA 17x89;True
1208871;PPCMASTRGVESD 32x150xRL;MA;32.0;150.0;;MA32150;MA 32x150;True
1208872;PPCMASTRGSESD 32x150xRL;MA;32.0;150.0;;MA32150;MA 32x150;True
1208873;PPCMASTRGVESD 20x140xRL;MA;20.0;140.0;;MA20140;MA 20x140;True
1208874;PPCMASTRGSESD 20x140xRL;MA;20.0;140.0;;MA20140;MA 20x140;True
1208877;PPCMASTRGVESD 18x145xRL;MA;18.0;145.0;;MA18145;MA 18x145;True
1208878;PPCMASTRGSESD 18x145xRL;MA;18.0;145.0;;MA18145;MA 18x145;True
1208882;PPCMASTRGVESD 79x128xRL;MA;79.0;128.0;;MA79128;MA 79x128;True
1208883;PPCMASTRGSESD 79x128xRL;MA;79.0;128.0;;MA79128;MA 79x128;True
1208884;PPCMASTRGVESD 69x69xRL;MA;69.0;69.0;;MA6969;MA 69x69;True
1208885;PPCMASTRGSESD 69x69xRL;MA;69.0;69.0;;MA6969;MA 69x69;True
1208893;PPCMASTRGVESD 23x254xRL;MA;23.0;254.0;;MA23254;MA 23x254;True
1208894;PPCMASTRGSESD 23x254xRL;MA;23.0;254.0;;MA23254;MA 23x254;True
1208901;PPCMASTRGVESD 66x66xRL;MA;66.0;66.0;;MA6666;MA 66x66;True
1208902;PPCMASTRGSESD 66x66xRL;MA;66.0;66.0;;MA6666;MA 66x66;True
1208905;PPCMASPRGVESD 23x143xRL;MA;23.0;143.0;;MA23143;MA 23x143;True
1208907;PPCMASPRGSESD 23x143xRL;MA;23.0;143.0;;MA23143;MA 23x143;True
1208922;PPCMASTRGVESD 28x107xRL;MA;28.0;107.0;;MA28107;MA 28x107;True
1208923;PPCMASTRGSESD 28x107xRL;MA;28.0;107.0;;MA28107;MA 28x107;True
1208941;PPCMASTRGVESD 31x221xRL;MA;31.0;221.0;;MA31221;MA 31x221;True
1208942;PPCMASTRGSESD 31x221xRL;MA;31.0;221.0;;MA31221;MA 31x221;True
1208984;PPCMAPARGVESD 98x98xRL;MA;98.0;98.0;;MA9898;MA 98x98;True
1208986;PPCMAPARGSESD 98x98xRL;MA;98.0;98.0;;MA9898;MA 98x98;True
1208991;PPLMAPARGVESD 26x104xRL;MA;26.0;104.0;;MA26104;MA 26x104;True
1208992;PPLMAPARGSESD 26x104xRL;MA;26.0;104.0;;MA26104;MA 26x104;True
1208994;PPLMAPARGVESD 20x104xRL;MA;20.0;104.0;;MA20104;MA 20x104;True
1208995;PPLMAPARGSESD 20x104xRL;MA;20.0;104.0;;MA20104;MA 20x104;True
1209001;PPCMASPRGVESD 23x96x6+6;MA;23.0;96.0;6+6;MA2396;MA 23x96;True
1209002;PPCMASPRGSESD 23x96x6+6;MA;23.0;96.0;6+6;MA2396;MA 23x96;True
1209024;PPCMASTRGVESD 37x89x8+8;MA;37.0;89.0;8+8;MA3789;MA 37x89;True
1209025;PPCMASTRGSESD 37x89x8+8;MA;37.0;89.0;8+8;MA3789;MA 37x89;True
1209031;PPCMASTRGVESD 39x197xRL;MA;39.0;197.0;;MA39197;MA 39x197;True
1209032;PPCMASTRGSESD 39x197xRL;MA;39.0;197.0;;MA39197;MA 39x197;True
1209033;PPCMASTRGVESD 39x145xRL;MA;39.0;145.0;;MA39145;MA 39x145;True
1209034;PPCMASTRGSESD 39x145xRL;MA;39.0;145.0;;MA39145;MA 39x145;True
1209039;PPCMASTRGVESD 39x92xRL;MA;39.0;92.0;;MA3992;MA 39x92;True
1209040;PPCMASTRGSESD 39x92xRL;MA;39.0;92.0;;MA3992;MA 39x92;True
1209072;PPCMASTRGVESD 37x104x8+8;MA;37.0;104.0;8+8;MA37104;MA 37x104;True
1209073;PPCMASTRGSESD 37x104x8+8;MA;37.0;104.0;8+8;MA37104;MA 37x104;True
1209129;PPCMASTRGVESD 95x95xRL;MA;95.0;95.0;;MA9595;MA 95x95;True
1209130;PPCMASTRGSESD 95x95xRL;MA;95.0;95.0;;MA9595;MA 95x95;True
1209145;PPCMASTRGVESD 73x73xRL;MA;73.0;73.0;;MA7373;MA 73x73;True
1209146;PPCMASTRGSESD 73x73xRL;MA;73.0;73.0;;MA7373;MA 73x73;True
1209155;PPCMASPRGVESD 23x148x6+6;MA;23.0;148.0;6+6;MA23148;MA 23x148;True
1209156;PPCMASPRGSESD 23x148x6+6;MA;23.0;148.0;6+6;MA23148;MA 23x148;True
1209180;PPCMASTRGVESD 18x101xRL;MA;18.0;101.0;;MA18101;MA 18x101;True
1209181;PPCMASTRGSESD 18x101xRL;MA;18.0;101.0;;MA18101;MA 18x101;True
1209182;PPCMASTRGVESD 23x101xRL;MA;23.0;101.0;;MA23101;MA 23x101;True
1209183;PPCMASTRGSESD 23x101xRL;MA;23.0;101.0;;MA23101;MA 23x101;True
1209201;PPCMASPRGVESD 23x98x8+8;MA;23.0;98.0;8+8;MA2398;MA 23x98;True
1209202;PPCMASPRGSESD 23x98x8+8;MA;23.0;98.0;8+8;MA2398;MA 23x98;True
1209208;PPCMASPRGVESD 26x259xRL;MA;26.0;259.0;;MA26259;MA 26x259;True
1209209;PPCMASPRGSESD 26x259xRL;MA;26.0;259.0;;MA26259;MA 26x259;True
1209211;PPCMASPRGVESD 96x96x8+8;MA;96.0;96.0;8+8;MA9696;MA 96x96;True
1209212;PPCMASPRGSESD 96x96x8+8;MA;96.0;96.0;8+8;MA9696;MA 96x96;True
1209214;PPCMASPRGVESD 43x96x8+8;MA;43.0;96.0;8+8;MA4396;MA 43x96;True
1209215;PPCMASPRGSESD 43x96x8+8;MA;43.0;96.0;8+8;MA4396;MA 43x96;True
1209222;PPCMASTRGVESD 23x98x8+8;MA;23.0;98.0;8+8;MA2398;MA 23x98;True
1209223;PPCMASTRGSESD 23x98x8+8;MA;23.0;98.0;8+8;MA2398;MA 23x98;True
1209271;PPCMASTRGVESD 89x89x8+8;MA;89.0;89.0;8+8;MA8989;MA 89x89;True
1209273;PPCMASTRGSESD 89x89x8+8;MA;89.0;89.0;8+8;MA8989;MA 89x89;True
1209275;PPCMASPRGVESD 89x129x8+8;MA;89.0;129.0;8+8;MA89129;MA 89x129;True
1209276;PPCMASPRGSESD 89x129x8+8;MA;89.0;129.0;8+8;MA89129;MA 89x129;True
1209343;PPCMASPRGVESD 43x73xRL;MA;43.0;73.0;;MA4373;MA 43x73;True
1209344;PPCMASPRGSESD 43x73xRL;MA;43.0;73.0;;MA4373;MA 43x73;True
1209352;PPCMASPRGVESD 23x129x8+8;MA;23.0;129.0;8+8;MA23129;MA 23x129;True
1209353;PPCMASPRGSESD 23x129x8+8;MA;23.0;129.0;8+8;MA23129;MA 23x129;True
1209356;PPCMASTRGVESD 16x98x8+8;MA;16.0;98.0;8+8;MA1698;MA 16x98;True
1209357;PPCMASTRGSESD 16x98x8+8;MA;16.0;98.0;8+8;MA1698;MA 16x98;True
1209364;PPCMASTRGVESD 92x92xRL;MA;92.0;92.0;;MA9292;MA 92x92;True
1209365;PPCMASTRGSESD 92x92xRL;MA;92.0;92.0;;MA9292;MA 92x92;True
1209401;PPCMASPRGVESD 50x96xRL;MA;50.0;96.0;;MA5096;MA 50x96;True
1209402;PPCMASPRGSESD 50x96xRL;MA;50.0;96.0;;MA5096;MA 50x96;True
1209403;PPCMASTRGVESD 81x96x6+6;MA;81.0;96.0;6+6;MA8196;MA 81x96;True
1209404;PPCMASTRGSESD 81x96x6+6;MA;81.0;96.0;6+6;MA8196;MA 81x96;True
1209405;PPCMASTRGVESD 104x104x8+8;MA;104.0;104.0;8+8;MA104104;MA 104x104;True
1209406;PPCMASTRGSESD 104x104x8+8;MA;104.0;104.0;8+8;MA104104;MA 104x104;True
1209422;PPCMASTRGVESD 66x66x8+8;MA;66.0;66.0;8+8;MA6666;MA 66x66;True
1209423;PPCMASTRGSESD 66x66x8+8;MA;66.0;66.0;8+8;MA6666;MA 66x66;True
1209441;PPCMASTRGVESD 23x104x6+6;MA;23.0;104.0;6+6;MA23104;MA 23x104;True
1209442;PPCMASTRGSESD 23x104x6+6;MA;23.0;104.0;6+6;MA23104;MA 23x104;True
1209453;PPCMASTRGVESD 32x140xRL;MA;32.0;140.0;;MA32140;MA 32x140;True
1209454;PPCMASTRGSESD 32x140xRL;MA;32.0;140.0;;MA32140;MA 32x140;True
1209483;PPCMASTRGVESD 16x145xRL;MA;16.0;145.0;;MA16145;MA 16x145;True
1209484;PPCMASTRGSESD 16x145xRL;MA;16.0;145.0;;MA16145;MA 16x145;True
1209511;PPCMASPRGVESD 43x148x8+8;MA;43.0;148.0;8+8;MA43148;MA 43x148;True
1209512;PPCMASPRGSESD 43x148x8+8;MA;43.0;148.0;8+8;MA43148;MA 43x148;True
1209566;PPCMASTRGVESD 19x93x8+8;MA;19.0;93.0;8+8;MA1993;MA 19x93;True
1209567;PPCMASTRGSESD 19x93x8+8;MA;19.0;93.0;8+8;MA1993;MA 19x93;True
1209572;PPCMASTRGVESD 20x89xRL;MA;20.0;89.0;;MA2089;MA 20x89;True
1209573;PPCMASTRGSESD 20x89xRL;MA;20.0;89.0;;MA2089;MA 20x89;True
1209581;PPCMAAERGVESD 50x50xRL;MA;50.0;50.0;;CI5050;CI 50x50;True
1209582;PPCMAAERGSESD 50x50xRL;MA;50.0;0.0;;CI5050;CI 50x0;True
1209599;PPCMASTRGVESD 16x124xRL;MA;16.0;124.0;;MA16124;MA 16x124;True
1209600;PPCMASTRGSESD 16x124xRL;MA;16.0;124.0;;MA16124;MA 16x124;True
1209604;PPCMASTRGVESD 38x145xRL;MA;38.0;145.0;;MA38145;MA 38x145;True
1209605;PPCMASTRGSESD 38x145xRL;MA;38.0;145.0;;MA38145;MA 38x145;True
1209641;PPCMASTRGVESD 79x129xRL;MA;79.0;129.0;;MA79129;MA 79x129;True
1209642;PPCMASTRGSESD 79x129xRL;MA;79.0;129.0;;MA79129;MA 79x129;True
1209653;PPCMASTRGVESD 79x79x8+8;MA;79.0;79.0;8+8;MA7979;MA 79x79;True
1209654;PPCMASTRGSESD 79x79x8+8;MA;79.0;79.0;8+8;MA7979;MA 79x79;True
1209663;PPCMASPRGVESD 43x200xRL;MA;43.0;200.0;;MA43200;MA 43x200;True
1209664;PPCMASPRGSESD 43x200xRL;MA;43.0;200.0;;MA43200;MA 43x200;True
1209676;PPCMASTRGVESD 37x129xRL;MA;37.0;129.0;;MA37129;MA 37x129;True
1209677;PPCMASTRGSESD 37x129xRL;MA;37.0;129.0;;MA37129;MA 37x129;True
1209679;PPCMASTRGVESD 16x150x8+8;MA;16.0;150.0;8+8;MA16150;MA 16x150;True
1209680;PPCMASTRGSESD 16x150x8+8;MA;16.0;150.0;8+8;MA16150;MA 16x150;True
1209692;PPCMASTRGVESD 19x132xRL;MA;19.0;132.0;;MA19132;MA 19x132;True
1209693;PPCMASTRGSESD 19x132xRL;MA;19.0;132.0;;MA19132;MA 19x132;True
1209712;PPCMASPRGVESD 30x96xRL;MA;30.0;96.0;;MA3096;MA 30x96;True
1209713;PPCMASPRGSESD 30x96xRL;MA;30.0;96.0;;MA3096;MA 30x96;True
1209714;PPCMASPRGVESD 30x155xRL;MA;30.0;155.0;;MA30155;MA 30x155;True
1209715;PPCMASPRGSESD 30x155xRL;MA;30.0;155.0;;MA30155;MA 30x155;True
1209719;PPCMASTRGVESD 79x150xRL;MA;79.0;150.0;;MA79150;MA 79x150;True
1209720;PPCMASTRGSESD 79x150xRL;MA;79.0;150.0;;MA79150;MA 79x150;True
1209722;PPCMASPRGVESD 18x146xRL;MA;18.0;146.0;;MA18146;MA 18x146;True
1209723;PPCMASPRGSESD 18x146xRL;MA;18.0;146.0;;MA18146;MA 18x146;True
1209725;PPCMASTRGVESD 18x129x8+8;MA;18.0;129.0;8+8;MA18129;MA 18x129;True
1209726;PPCMASTRGSESD 18x129x8+8;MA;18.0;129.0;8+8;MA18129;MA 18x129;True
1209746;PPCMASTRGVESD 16x89x8+8;MA;16.0;89.0;8+8;MA1689;MA 16x89;True
1209747;PPCMASTRGSESD 16x89x8+8;MA;16.0;89.0;8+8;MA1689;MA 16x89;True
1209751;PPCMASPRGVESD 28x155xRL;MA;28.0;155.0;;MA28155;MA 28x155;True
1209761;PPCMASPRGSESD 28x155xRL;MA;28.0;155.0;;MA28155;MA 28x155;True
1209771;PPCMASTRGVESD 16x104xRL;MA;16.0;104.0;;MA16104;MA 16x104;True
1209775;PPCMASTRGSESD 16x104xRL;MA;16.0;104.0;;MA16104;MA 16x104;True
1209778;PPLMASPRGVESD 23x148x8+8;MA;23.0;148.0;8+8;MA23148;MA 23x148;True
1209779;PPLMASPRGSESD 23x148x8+8;MA;23.0;148.0;8+8;MA23148;MA 23x148;True
1209780;PPCMASTRGVESD 19x104x8+8;MA;19.0;104.0;8+8;MA19104;MA 19x104;True
1209781;PPCMASPRGVESD 17x145xRL;MA;17.0;145.0;;MA17145;MA 17x145;True
1209782;PPCMASPRGSESD 17x145xRL;MA;17.0;145.0;;MA17145;MA 17x145;True
1209783;PPCMASPRGVESD 40x104xRL;MA;40.0;104.0;;MA40104;MA 40x104;True
1209786;PPCMASPRGSESD 40x104xRL;MA;40.0;104.0;;MA40104;MA 40x104;True
1209789;PPCMASPRGVESD 17x93xRL;MA;17.0;93.0;;MA1793;MA 17x93;True
1209790;PPCMASPRGSESD 17x93xRL;MA;17.0;93.0;;MA1793;MA 17x93;True
1209794;PPCMASTRGVESD 50x77xRL;MA;50.0;77.0;;MA5077;MA 50x77;True
1209795;PPCMASTRGSESD 50x77xRL;MA;50.0;77.0;;MA5077;MA 50x77;True
1209797;PPCMASTRGVESD 23x118x 8+8;MA;23.0;118.0;8+8;MA23118;MA 23x118;True
1209798;PPCMASTRGSESD 23x118x 8+8;MA;23.0;118.0;8+8;MA23118;MA 23x118;True
1209801;PPCMASTRGSESD 19x104x8+8;MA;19.0;104.0;8+8;MA19104;MA 19x104;True
1209815;PPCMASTRGVESD 19x92xRL;MA;19.0;92.0;;MA1992;MA 19x92;True
1209816;PPCMASTRGSESD 19x92xRL;MA;19.0;92.0;;MA1992;MA 19x92;True
1209831;PPCMASTRGVESD 50x98x8+8;MA;50.0;98.0;8+8;MA5098;MA 50x98;True
1209832;PPCMASTRGSESD 50x98x8+8;MA;50.0;98.0;8+8;MA5098;MA 50x98;True
1209834;PPCMASPRGVESD 52x104xRL;MA;52.0;104.0;;MA52104;MA 52x104;True
1209835;PPCMASPRGSESD 52x104xRL;MA;52.0;104.0;;MA52104;MA 52x104;True
1209868;PPCMAPRRGVESD 50x99x8+8;MA;50.0;99.0;8+8;MA5099;MA 50x99;True
1209869;PPCMAPRRGSESD 50x99x8+8;MA;50.0;99.0;8+8;MA5099;MA 50x99;True
1209932;PPCMASTRGVESD 75x77x 8+8;MA;75.0;77.0;8+8;MA7577;MA 75x77;True
1209933;PPCMASTRGSESD 75x77x 8+8;MA;75.0;77.0;8+8;MA7577;MA 75x77;True
1210071;PPCMAPRRGVESD 50x96x8+8;MA;50.0;96.0;8+8;MA5096;MA 50x96;True
1210072;PPCMAPRRGSESD 50x96x8+8;MA;50.0;96.0;8+8;MA5096;MA 50x96;True
1210112;PPCMASPRGVESD 89x145xRL;MA;89.0;145.0;;MA89145;MA 89x145;True
1210113;PPCMASPRGSESD 89x145xRL;MA;89.0;145.0;;MA89145;MA 89x145;True
1210138;PPCMASTRGVESD 32x140x8+8;MA;32.0;140.0;8+8;MA32140;MA 32x140;True
1210139;PPCMASTRGSESD 32x140x8+8;MA;32.0;140.0;8+8;MA32140;MA 32x140;True
1205753;PPCMASPRGSESD 39x157xRL;MA;39.0;157.0;;MA39;MA 39x157;True
1205754;PPCMASPRGSESD 39x202xRL;MA;39.0;202.0;;MA39;MA 39x202;True
1205761;PPCMASPRGVESD 39x157xRL;MA;39.0;157.0;;MA39;MA 39x157;True
1205762;PPCMASPRGVESD 39x202xRL;MA;39.0;202.0;;MA39;MA 39x202;True
1206854;PPCMASPRGVESD 39x104xRL;MA;39.0;104.0;;MA39;MA 39x104;True
1206855;PPCMASPRGSESD 39x104xRL;MA;39.0;104.0;;MA39;MA 39x104;True
1206856;PPCMASPRGVESD 39x129xRL;MA;39.0;129.0;;MA39;MA 39x129;True
1206857;PPCMASPRGSESD 39x129xRL;MA;39.0;129.0;;MA39;MA 39x129;True
1206898;PPCMASPRGVESD 39x150xRL;MA;39.0;150.0;;MA39;MA 39x150;True
1206899;PPCMASPRGSESD 39x150xRL;MA;39.0;150.0;;MA39;MA 39x150;True
1206913;PPCMASPRGVESD 39x98xRL;MA;39.0;98.0;;MA39;MA 39x98;True
1206914;PPCMASPRGSESD 39x98xRL;MA;39.0;98.0;;MA39;MA 39x98;True
1207601;PPCMASPRGVESD 19x98xRL;MA;19.0;98.0;;MA19;MA 19x98;True
1207602;PPCMASPRGSESD 19x98xRL;MA;19.0;98.0;;MA19;MA 19x98;True
1207614;PPCMASPRGVESD 19x202xRL;MA;19.0;202.0;;MA19;MA 19x202;True
1207615;PPCMASPRGSESD 19x202xRL;MA;19.0;202.0;;MA19;MA 19x202;True
1207616;PPCMASPRGVESD 19x150xRL;MA;19.0;150.0;;MA19;MA 19x150;True
1207617;PPCMASPRGSESD 19x150xRL;MA;19.0;150.0;;MA19;MA 19x150;True
1207638;PPCMASPRGVESD 19x104xRL;MA;19.0;104.0;;MA19;MA 19x104;True
1207639;PPCMASPRGSESD 19x104xRL;MA;19.0;104.0;;MA19;MA 19x104;True
1207652;PPCMASTRGVESD 19x129xRL;MA;19.0;129.0;;MA19;MA 19x129;True
1207653;PPCMASTRGSESD 19x129xRL;MA;19.0;129.0;;MA19;MA 19x129;True
1209555;PPCMASTRGVESD 19x93xRL;MA;19.0;93.0;;MA19;MA 19x93;True
1209556;PPCMASTRGSESD 19x93xRL;MA;19.0;93.0;;MA19;MA 19x93;True
1209763;PPCMASTRGVESD 19x150xRL;MA;19.0;150.0;;MA19;MA 19x150;True
1209764;PPCMASTRGSESD 19x150xRL;MA;19.0;150.0;;MA19;MA 19x150;True
1209813;PPCMASPRGVESD 19x157xRL;MA;19.0;157.0;;MA19;MA 19x157;True
1209814;PPCMASPRGSESD 19x157xRL;MA;19.0;157.0;;MA19;MA 19x157;True
1209821;PPCCPPARGVESD 18x92x6+6;CP;18.0;92.0;6+6;CP1892;CP 18x92;True
1209822;PPCCPPARGSESD 18x92x6+6;CP;18.0;92.0;6+6;CP1892;CP 18x92;True
1209824;PPCCPPARGVESD 18x146x6+6;CP;18.0;146.0;6+6;CP18146;CP 18x146;True
1209826;PPCCPPARGSESD 18x146x6+6;CP;18.0;146.0;6+6;CP18146;CP 18x146;True
1209828;PPCCPPARGVESD 19x132x6+6;CP;19.0;132.0;6+6;CP19132;CP 19x132;True
1209829;PPCCPPARGSESD 19x132x6+6;CP;19.0;132.0;6+6;CP19132;CP 19x132;True
1209841;PPCCPPARGVESD 18x146x3+3+3;CP;18.0;146.0;3+3+3;CP18146;CP 18x146;True
1209842;PPCCPPARGSESD 18x146x3+3+3;CP;18.0;146.0;3+3+3;CP18146;CP 18x146;True
1209845;PPCCPPARGVESD 92x131xRL;CP;92.0;131.0;;CP92131;CP 92x131;True
1209846;PPCCPPARGSESD 92x131xRL;CP;92.0;131.0;;CP92131;CP 92x131;True
1209851;PPCCPPARGVESD 18x92x 3+3+3;CP;18.0;92.0;3+3+3;CP1892;CP 18x92;True
1209852;PPCCPPARGSESD 18x92x 3+3+3;CP;18.0;92.0;3+3+3;CP1892;CP 18x92;True
1209864;PPCCPCHRGSEG1 17x140x1014 518;CP;17.0;140.0;;CP18146;CP 17x140;True
1209865;PPCCPCHRGSEG1 17x140x936 516;CP;17.0;140.0;;CP18146;CP 17x140;True
1209881;PPCCPPARGVESD 19x132x 4+4+4;CP;19.0;132.0;4+4+4;CP19132;CP 19x132;True
1209882;PPCCPPARGSESD 19x132x 4+4+4;CP;19.0;132.0;4+4+4;CP19132;CP 19x132;True
1209884;PPCCPUSRGVESD 18x104x 4+4+4;CP;18.0;104.0;4+4+4;CP18104;CP 18x104;True
1209885;PPCCPUSRGSESD 18x104x 4+4+4;CP;18.0;104.0;4+4+4;CP18104;CP 18x104;True
1209887;PPCCPUSRGVESD 18x104x3+3+3;CP;18.0;104.0;3+3+3;CP18104;CP 18x104;True
1209890;PPCCPUSRGSESD 18x104x3+3+3;CP;18.0;104.0;3+3+3;CP18104;CP 18x104;True
1209892;PPCCPUSRGVESD 18x104x11;CP;18.0;104.0;;CP18104;CP 18x104;True
1209894;PPCCPUSRGSESD 18x104x11;CP;18.0;104.0;;CP18104;CP 18x104;True
1209896;PPCCPUSRGVESD 18x83x11;CP;18.0;83.0;;CP1883;CP 18x83;True
1209897;PPCCPUSRGSESD 18x83x11;CP;18.0;83.0;;CP1883;CP 18x83;True
1209922;PPCCPUSRGVESD 16x92x3+3+3;CP;16.0;92.0;3+3+3;CP1692;CP 16x92;True
1209923;PPCCPUSRGSESD 16x92x3+3+3;CP;16.0;92.0;3+3+3;CP1692;CP 16x92;True
1209926;PPCCPUSRGVESD 16x146x3+3+3;CP;16.0;146.0;3+3+3;CP16146;CP 16x146;True
1209927;PPCCPUSRGSESD 16x146x3+3+3;CP;16.0;146.0;3+3+3;CP16146;CP 16x146;True
1209957;PPCCPPARGVESD 20x129x3+3+3;CP;20.0;129.0;3+3+3;CP20129;CP 20x129;True
1209958;PPCCPPARGSESD 20x129x3+3+3;CP;20.0;129.0;3+3+3;CP20129;CP 20x129;True
1209964;PPCCPPARGVESD 18x104x (4+4)+(4+4);CP;18.0;104.0;4+4+4;CP18104;CP 18x104;True
1209965;PPCCPPARGSESD 18x104x (4+4)+(4+4);CP;18.0;104.0;4+4+4;CP18104;CP 18x104;True
1209976;PPCCPUSRGVESD 18x83x4475;CP;18.0;83.0;;CP1883;CP 18x83;True
1209977;PPCCPUSRGSESD 18x83x4475;CP;18.0;83.0;;CP1883;CP 18x83;True
1209979;PPCCPUSRGVESD 18x104x4475;CP;18.0;104.0;;CP18104;CP 18x104;True
1209980;PPCCPUSRGSESD 18x104x4475;CP;18.0;104.0;;CP18104;CP 18x104;True
1209981;PPCCPPARGVESD 20x90x4+4+4;CP;20.0;90.0;4+4+4;CP2090;CP 20x90;True
1209982;PPCCPPARGSESD 20x90x4+4+4;CP;20.0;90.0;4+4+4;CP2090;CP 20x90;True
1209986;PPCCPPARGVESD 20x78x4+4+4;CP;20.0;78.0;4+4+4;CP2078;CP 20x78;True
1209987;PPCCPPARGSESD 20x78x4+4+4;CP;20.0;78.0;4+4+4;CP2078;CP 20x78;True
1210061;PPCCPPARGVESD 16x89 x 4+4+4;CP;16.0;89.0;4+4+4;CP1689;CP 16x89;True
1210062;PPCCPPARGSESD 16x89 x 4+4+4;CP;16.0;89.0;4+4+4;CP1689;CP 16x89;True
1210064;PPCCPPARGVESD 16x89x11;CP;16.0;89.0;;CP1689;CP 16x89;True
1210065;PPCCPPARGSESD 16x89x11;CP;16.0;89.0;;CP1689;CP 16x89;True
1210067;PPCCPPARGVESD 16x140x15;CP;16.0;140.0;;CP16140;CP 16x140;True
1210069;PPCCPPARGSESD 16x140x15;CP;16.0;140.0;;CP16140;CP 16x140;True
1210081;PPCCPPARGVESD 16x140x3+3+3;CP;16.0;140.0;3+3+3;CP16140;CP 16x140;True
1210082;PPCCPPARGSESD 16x140x3+3+3;CP;16.0;140.0;3+3+3;CP16140;CP 16x140;True
1210089;PPCCPPARGVESD 18x89x3+3+3;CP;18.0;89.0;3+3+3;CP1889;CP 18x89;True
1210090;PPCCPPARGSESD 18x89x3+3+3;CP;18.0;89.0;3+3+3;CP1889;CP 18x89;True
1210091;PPCCPPARGVESD 18x130x3+3+3;CP;18.0;130.0;3+3+3;CP18130;CP 18x130;True
1210092;PPCCPPARGSESD 18x130x3+3+3;CP;18.0;130.0;3+3+3;CP18130;CP 18x130;True
1210094;PPCCPPARGSESD 35x89x4+4+4;CP;35.0;89.0;4+4+4;CP3589;CP 35x89;True
1210095;PPCCPPARGVESD 35x89x4+4+4;CP;35.0;89.0;4+4+4;CP3589;CP 35x89;True
1210101;PPCCPPARGVESD 16x130x15;CP;16.0;130.0;;CP16130;CP 16x130;True
1210102;PPCCPPARGSESD 16x130x15;CP;16.0;130.0;;CP16130;CP 16x130;True
1210107;PPCCPPARGVESD 16x89x15;CP;16.0;89.0;;CP1689;CP 16x89;True
1210108;PPCCPPARGSESD 16x89x15;CP;16.0;89.0;;CP1689;CP 16x89;True
1210131;PPCCPPARGVESD 20x129x4+4+4;CP;20.0;129.0;4+4+4;CP20129;CP 20x129;True
1210132;PPCCPPARGSESD 20x129x4+4+4;CP;20.0;129.0;4+4+4;CP20129;CP 20x129;True
1209731;PPLMUMXRGVESD 23x151xRL;MU;23.0;151.0;;MU23151;MUX 23x151;True
1209732;PPLMUMXRGSESD 23x151xRL;MU;23.0;151.0;;MU23151;MUX 23x151;True
1209733;PPLMUMXRGVESD 38x151xRL;MU;38.0;151.0;;MU38151;MUX 38x151;True
1209734;PPLMUMXRGSESD 38x151xRL;MU;38.0;151.0;;MU38151;MUX 38x151;True
1209735;PPLMUMXRGVESD 38x201xRL;MU;38.0;201.0;;MU38201;MUX 38x201;True
1209736;PPLMUMXRGSESD 38x201xRL;MU;38.0;201.0;;MU38201;MUX 38x201;True
1209737;PPLMUMXRGVESD 23x149xRL;MU;23.0;149.0;;MU23149;MUX 23x149;True
1209738;PPLMUMXRGSESD 23x149xRL;MU;23.0;149.0;;MU23149;MUX 23x149;True
1209739;PPLMUMXRGVESD 38x203xRL;MU;38.0;203.0;;MU38203;MUX 38x203;True
1209740;PPLMUMXRGSESD 38x203xRL;MU;38.0;203.0;;MU38203;MUX 38x203;True
1209742;PPLMUMXRGVESD 23x201xRL;MU;23.0;201.0;;MU23201;MUX 23x201;True
1209743;PPLMUMXRGSESD 23x201xRL;MU;23.0;201.0;;MU23201;MUX 23x201;True
1209744;PPLMUMXRGVESD 37x98xRL;MU;37.0;98.0;;MU3798;MUX 37x98;True
1209745;PPLMUMXRGSESD 37x98xRL;MU;37.0;98.0;;MU3798;MUX 37x98;True
1205842;PPLMUPRRGVESD 23x77xRL;MU;23.0;77.0;;MU23;MU 23x77;True
1205843;PPLMUPRRGSESD 23x77xRL;MU;23.0;77.0;;MU23;MU 23x77;True
1205844;PPLMUPRRGVESD 23x95xRL;MU;23.0;95.0;;MU23;MU 23x95;True
1205845;PPLMUPRRGVESD 23x104xRL;MU;23.0;104.0;;MU23;MU 23x104;True
1205846;PPLMUPRRGVESD 23x129xRL;MU;23.0;129.0;;MU23;MU 23x129;True
1205847;PPLMUPRRGVESD 23x150xRL;MU;23.0;150.0;;MU23;MU 23x150;True
1205848;PPLMUPRRGVESD 23x194xRL;MU;23.0;194.0;;MU23;MU 23x194;True
1205849;PPLMUPRRGVESD 23x202xRL;MU;23.0;202.0;;MU23;MU 23x202;True
1205850;PPLMUPRRGVESD 26x77xRL;MU;26.0;77.0;;MU26;MU 26x77;True
1205851;PPLMUPRRGVESD 26x95xRL;MU;26.0;95.0;;MU26;MU 26x95;True
1205852;PPLMUPRRGVESD 26x104xRL;MU;26.0;104.0;;MU26;MU 26x104;True
1205853;PPLMUPRRGVESD 26x129xRL;MU;26.0;129.0;;MU26;MU 26x129;True
1205854;PPLMUPRRGVESD 26x150xRL;MU;26.0;150.0;;MU26;MU 26x150;True
1205856;PPLMUPRRGVESD 26x194xRL;MU;26.0;194.0;;MU26;MU 26x194;True
1205857;PPLMUPRRGVESD 26x202xRL;MU;26.0;202.0;;MU26;MU 26x202;True
1205858;PPLMUPRRGSESD 23x95xRL;MU;23.0;95.0;;MU23;MU 23x95;True
1205859;PPLMUPRRGSESD 23x104xRL;MU;23.0;104.0;;MU23;MU 23x104;True
1205860;PPLMUPRRGSESD 23x129xRL;MU;23.0;129.0;;MU23;MU 23x129;True
1205861;PPLMUPRRGSESD 23x150xRL;MU;23.0;150.0;;MU23;MU 23x150;True
1205862;PPLMUPRRGSESD 23x194xRL;MU;23.0;194.0;;MU23;MU 23x194;True
1205863;PPLMUPRRGSESD 23x202xRL;MU;23.0;202.0;;MU23;MU 23x202;True
1205864;PPLMUPRRGSESD 26x77xRL;MU;26.0;77.0;;MU26;MU 26x77;True
1205865;PPLMUPRRGSESD 26x95xRL;MU;26.0;95.0;;MU26;MU 26x95;True
1205866;PPLMUPRRGSESD 26x104xRL;MU;26.0;104.0;;MU26;MU 26x104;True
1205867;PPLMUPRRGSESD 26x129xRL;MU;26.0;129.0;;MU26;MU 26x129;True
1205868;PPLMUPRRGSESD 26x150xRL;MU;26.0;150.0;;MU26;MU 26x150;True
1205869;PPLMUPRRGSESD 26x194xRL;MU;26.0;194.0;;MU26;MU 26x194;True
1205870;PPLMUPRRGSESD 26x202xRL;MU;26.0;202.0;;MU26;MU 26x202;True
1205884;PPLMUPRRGVESD 23x148xRL;MU;23.0;148.0;;MU23;MU 23x148;True
1205885;PPLMUPRRGVESD 26x148xRL;MU;26.0;148.0;;MU26;MU 26x148;True
1205886;PPLMUPRRGVESD 23x98xRL;MU;23.0;98.0;;MU23;MU 23x98;True
1205887;PPLMUPRRGVESD 26x98xRL;MU;26.0;98.0;;MU26;MU 26x98;True
1205888;PPLMUPRRGVESD 23x157xRL;MU;23.0;157.0;;MU23;MU 23x157;True
1205889;PPLMUPRRGVESD 26x157xRL;MU;26.0;157.0;;MU26;MU 26x157;True
1205890;PPLMUPRRGSESD 23x157xRL;MU;23.0;157.0;;MU23;MU 23x157;True
1205891;PPLMUPRRGSESD 23x148xRL;MU;23.0;148.0;;MU23;MU 23x148;True
1205892;PPLMUPRRGSESD 26x148xRL;MU;26.0;148.0;;MU26;MU 26x148;True
1205893;PPLMUPRRGSESD 23x98xRL;MU;23.0;98.0;;MU23;MU 23x98;True
1205894;PPLMUPRRGSESD 26x98xRL;MU;26.0;98.0;;MU26;MU 26x98;True
1205901;PPLMUPRRGSESD 26x157xRL;MU;26.0;157.0;;MU26;MU 26x157;True
1205902;PPLMUPRRGVESD 38x77xRL;MU;38.0;77.0;;MU38;MU 38x77;True
1205903;PPLMUPRRGVESD 38x95xRL;MU;38.0;95.0;;MU38;MU 38x95;True
1205904;PPLMUPRRGVESD 38x98xRL;MU;38.0;98.0;;MU38;MU 38x98;True
1205905;PPLMUPRRGVESD 38x104xRL;MU;38.0;104.0;;MU38;MU 38x104;True
1205906;PPLMUPRRGVESD 38x129xRL;MU;38.0;129.0;;MU38;MU 38x129;True
1205913;PPLMUPRRGVESD 38x148xRL;MU;38.0;148.0;;MU38;MU 38x148;True
1205914;PPLMUPRRGVESD 38x150xRL;MU;38.0;150.0;;MU38;MU 38x150;True
1205915;PPLMUPRRGVESD 38x194xRL;MU;38.0;194.0;;MU38;MU 38x194;True
1205916;PPLMUPRRGVESD 38x202xRL;MU;38.0;202.0;;MU38;MU 38x202;True
1205917;PPLMUPRRGVESD 33x77xRL;MU;33.0;77.0;;MU33;MU 33x77;True
1205918;PPLMUPRRGSESD 38x77xRL;MU;38.0;77.0;;MU38;MU 38x77;True
1205919;PPLMUPRRGSESD 38x95xRL;MU;38.0;95.0;;MU38;MU 38x95;True
1205920;PPLMUPRRGSESD 38x98xRL;MU;38.0;98.0;;MU38;MU 38x98;True
1205921;PPLMUPRRGSESD 38x104xRL;MU;38.0;104.0;;MU38;MU 38x104;True
1205922;PPLMUPRRGSESD 38x129xRL;MU;38.0;129.0;;MU38;MU 38x129;True
1205923;PPLMUPRRGSESD 38x148xRL;MU;38.0;148.0;;MU38;MU 38x148;True
1205924;PPLMUPRRGSESD 38x150xRL;MU;38.0;150.0;;MU38;MU 38x150;True
1205925;PPLMUPRRGSESD 38x194xRL;MU;38.0;194.0;;MU38;MU 38x194;True
1205926;PPLMUPRRGSESD 38x202xRL;MU;38.0;202.0;;MU38;MU 38x202;True
1205927;PPLMUPRRGSESD 33x77xRL;MU;33.0;77.0;;MU33;MU 33x77;True
1205976;PPLMUPRRGVESD 23x155xRL;MU;23.0;155.0;;MU23;MU 23x155;True
1205977;PPLMUPRRGVESD 26x155xRL;MU;26.0;155.0;;MU26;MU 26x155;True
1205978;PPLMUPRRGVESD 38x155xRL;MU;38.0;155.0;;MU38;MU 38x155;True
1205979;PPLMUPRRGSESD 23x155xRL;MU;23.0;155.0;;MU23;MU 23x155;True
1205980;PPLMUPRRGSESD 26x155xRL;MU;26.0;155.0;;MU26;MU 26x155;True
1205981;PPLMUPRRGSESD 38x155xRL;MU;38.0;155.0;;MU38;MU 38x155;True
1205992;PPLMUPRRGVESD 21x77xRL;MU;21.0;77.0;;MU21;MU 21x77;True
1205993;PPLMUPRRGSESD 21x77xRL;MU;21.0;77.0;;MU21;MU 21x77;True
1205994;PPLMUPRRGVESD 21x95xRL;MU;21.0;95.0;;MU21;MU 21x95;True
1205995;PPLMUPRRGVESD 21x98xRL;MU;21.0;98.0;;MU21;MU 21x98;True
1205996;PPLMUPRRGVESD 21x104xRL;MU;21.0;104.0;;MU21;MU 21x104;True
1205998;PPLMUPRRGVESD 21x129xRL;MU;21.0;129.0;;MU21;MU 21x129;True
1205999;PPLMUPRRGVESD 21x148xRL;MU;21.0;148.0;;MU21;MU 21x148;True
1206000;PPLMUPRRGVESD 21x150xRL;MU;21.0;150.0;;MU21;MU 21x150;True
1206001;PPLMUPRRGVESD 21x194xRL;MU;21.0;194.0;;MU21;MU 21x194;True
1206002;PPLMUPRRGVESD 21x202xRL;MU;21.0;202.0;;MU21;MU 21x202;True
1206003;PPLMUPRRGVESD 33x95xRL;MU;33.0;95.0;;MU33;MU 33x95;True
1206004;PPLMUPRRGSESD 21x95xRL;MU;21.0;95.0;;MU21;MU 21x95;True
1206005;PPLMUPRRGSESD 21x98xRL;MU;21.0;98.0;;MU21;MU 21x98;True
1206007;PPLMUPRRGSESD 21x104xRL;MU;21.0;104.0;;MU21;MU 21x104;True
1206008;PPLMUPRRGSESD 21x129xRL;MU;21.0;129.0;;MU21;MU 21x129;True
1206009;PPLMUPRRGSESD 21x148xRL;MU;21.0;148.0;;MU21;MU 21x148;True
1206010;PPLMUPRRGSESD 21x150xRL;MU;21.0;150.0;;MU21;MU 21x150;True
1206011;PPLMUPRRGSESD 21x194xRL;MU;21.0;194.0;;MU21;MU 21x194;True
1206012;PPLMUPRRGSESD 21x202xRL;MU;21.0;202.0;;MU21;MU 21x202;True
1206013;PPLMUPRRGSESD 33x95xRL;MU;33.0;95.0;;MU33;MU 33x95;True
1206024;PPLMUPRRGVESD 29x77xRL;MU;29.0;77.0;;MU29;MU 29x77;True
1206025;PPLMUPRRGVESD 29x104xRL;MU;29.0;104.0;;MU29;MU 29x104;True
1206026;PPLMUPRRGVESD 29x129xRL;MU;29.0;129.0;;MU29;MU 29x129;True
1206027;PPLMUPRRGVESD 29x150xRL;MU;29.0;150.0;;MU29;MU 29x150;True
1206028;PPLMUPRRGVESD 29x202xRL;MU;29.0;202.0;;MU29;MU 29x202;True
1206072;PPLMUPRRGSESD 29x77xRL;MU;29.0;77.0;;MU29;MU 29x77;True
1206073;PPLMUPRRGSESD 29x104xRL;MU;29.0;104.0;;MU29;MU 29x104;True
1206074;PPLMUPRRGSESD 29x129xRL;MU;29.0;129.0;;MU29;MU 29x129;True
1206075;PPLMUPRRGSESD 29x150xRL;MU;29.0;150.0;;MU29;MU 29x150;True
1206076;PPLMUPRRGSESD 29x202xRL;MU;29.0;202.0;;MU29;MU 29x202;True
1206115;PPLMUPRRGVESD 29x210xRL;MU;29.0;210.0;;MU29;MU 29x210;True
1206116;PPLMUPRRGSESD 29x210xRL;MU;29.0;210.0;;MU29;MU 29x210;True
1206125;PPLMUPRRGVESD 28x194xRL;MU;28.0;194.0;;MU28;MU 28x194;True
1206126;PPLMUPRRGSESD 28x194xRL;MU;28.0;194.0;;MU28;MU 28x194;True
1206127;PPLMUPRRGVESD 28x155xRL;MU;28.0;155.0;;MU28;MU 28x155;True
1206128;PPLMUPRRGSESD 28x155xRL;MU;28.0;155.0;;MU28;MU 28x155;True
1206129;PPLMUPRRGVESD 29x98xRL;MU;29.0;98.0;;MU29;MU 29x98;True
1206130;PPLMUPRRGSESD 29x98xRL;MU;29.0;98.0;;MU29;MU 29x98;True
1206145;PPLMUPRRGVESD 33x98xRL;MU;33.0;98.0;;MU33;MU 33x98;True
1206146;PPLMUPRRGVESD 33x104xRL;MU;33.0;104.0;;MU33;MU 33x104;True
1206147;PPLMUPRRGVESD 33x129xRL;MU;33.0;129.0;;MU33;MU 33x129;True
1206148;PPLMUPRRGVESD 33x148xRL;MU;33.0;148.0;;MU33;MU 33x148;True
1206149;PPLMUPRRGVESD 33x150xRL;MU;33.0;150.0;;MU33;MU 33x150;True
1206150;PPLMUPRRGVESD 33x194xRL;MU;33.0;194.0;;MU33;MU 33x194;True
1206161;PPLMUPRRGVESD 33x202xRL;MU;33.0;202.0;;MU33;MU 33x202;True
1206162;PPLMUPRRGSESD 33x98xRL;MU;33.0;98.0;;MU33;MU 33x98;True
1206163;PPLMUPRRGSESD 33x104xRL;MU;33.0;104.0;;MU33;MU 33x104;True
1206164;PPLMUPRRGSESD 33x129xRL;MU;33.0;129.0;;MU33;MU 33x129;True
1206165;PPLMUPRRGSESD 33x148xRL;MU;33.0;148.0;;MU33;MU 33x148;True
1206166;PPLMUPRRGSESD 33x150xRL;MU;33.0;150.0;;MU33;MU 33x150;True
1206167;PPLMUPRRGSESD 33x194xRL;MU;33.0;194.0;;MU33;MU 33x194;True
1206168;PPLMUPRRGSESD 33x202xRL;MU;33.0;202.0;;MU33;MU 33x202;True
1206183;PPLMUPRRGVESD 26x118xRL;MU;26.0;118.0;;MU26;MU 26x118;True
1206184;PPLMUPRRGSESD 26x118xRL;MU;26.0;118.0;;MU26;MU 26x118;True
1206213;PPLMUPRRGVESD 33x157xRL;MU;33.0;157.0;;MU33;MU 33x157;True
1206214;PPLMUPRRGSESD 33x157xRL;MU;33.0;157.0;;MU33;MU 33x157;True
1206224;PPLMUPRRGVESD 23x118xRL;MU;23.0;118.0;;MU23;MU 23x118;True
1206225;PPLMUPRRGSESD 23x118xRL;MU;23.0;118.0;;MU23;MU 23x118;True
1206232;PPLMUPRRGVESD 23x131xRL;MU;23.0;131.0;;MU23;MU 23x131;True
1206233;PPLMUPRRGSESD 23x131xRL;MU;23.0;131.0;;MU23;MU 23x131;True
1206239;PPLMUPRRGVESD 38x157xRL;MU;38.0;157.0;;MU38;MU 38x157;True
1206240;PPLMUPRRGSESD 38x157xRL;MU;38.0;157.0;;MU38;MU 38x157;True
1206262;PPLMUPRRGVESD 29x157xRL;MU;29.0;157.0;;MU29;MU 29x157;True
1206263;PPLMUPRRGSESD 29x157xRL;MU;29.0;157.0;;MU29;MU 29x157;True
1206477;PPLMUPRRGVESD 50x202xRL;MU;50.0;202.0;;MU50;MU 50x202;True
1206478;PPLMUPRRGSESD 50x202xRL;MU;50.0;202.0;;MU50;MU 50x202;True
1206481;PPLMUPRRGVESD 50x77xRL;MU;50.0;77.0;;MU50;MU 50x77;True
1206482;PPLMUPRRGVESD 50x104xRL;MU;50.0;104.0;;MU50;MU 50x104;True
1206483;PPLMUPRRGVESD 50x129xRL;MU;50.0;129.0;;MU50;MU 50x129;True
1206484;PPLMUPRRGVESD 50x148xRL;MU;50.0;148.0;;MU50;MU 50x148;True
1206485;PPLMUPRRGVESD 50x150xRL;MU;50.0;150.0;;MU50;MU 50x150;True
1206486;PPLMUPRRGVESD 50x194xRL;MU;50.0;194.0;;MU50;MU 50x194;True
1206487;PPLMUPRRGSESD 50x77xRL;MU;50.0;77.0;;MU50;MU 50x77;True
1206488;PPLMUPRRGSESD 50x104xRL;MU;50.0;104.0;;MU50;MU 50x104;True
1206489;PPLMUPRRGSESD 50x129xRL;MU;50.0;129.0;;MU50;MU 50x129;True
1206490;PPLMUPRRGSESD 50x148xRL;MU;50.0;148.0;;MU50;MU 50x148;True
1206491;PPLMUPRRGSESD 50x150xRL;MU;50.0;150.0;;MU50;MU 50x150;True
1206492;PPLMUPRRGSESD 50x194xRL;MU;50.0;194.0;;MU50;MU 50x194;True
1206501;PPLMUPRRGVESD 28x118xRL;MU;28.0;118.0;;MU28;MU 28x118;True
1206502;PPLMUPRRGSESD 28x118xRL;MU;28.0;118.0;;MU28;MU 28x118;True
1206527;PPLMUPRRGVESD 21x118xRL;MU;21.0;118.0;;MU21;MU 21x118;True
1206528;PPLMUPRRGSESD 21x118xRL;MU;21.0;118.0;;MU21;MU 21x118;True
1206529;PPLMUPRRGVESD 21x157xRL;MU;21.0;157.0;;MU21;MU 21x157;True
1206530;PPLMUPRRGSESD 21x157xRL;MU;21.0;157.0;;MU21;MU 21x157;True
1206531;PPLMUPRRGVESD 21x155xRL;MU;21.0;155.0;;MU21;MU 21x155;True
1206532;PPLMUPRRGSESD 21x155xRL;MU;21.0;155.0;;MU21;MU 21x155;True
1206548;PPLMUPRRGVESD 50x95xRL;MU;50.0;95.0;;MU50;MU 50x95;True
1206549;PPLMUPRRGSESD 50x95xRL;MU;50.0;95.0;;MU50;MU 50x95;True
1206559;PPLMUPRRGVESD 38x170xRL;MU;38.0;170.0;;MU38;MU 38x170;True
1206560;PPLMUPRRGSESD 38x170xRL;MU;38.0;170.0;;MU38;MU 38x170;True
1206643;PPLMUPRRGVESD 33x155xRL;MU;33.0;155.0;;MU33;MU 33x155;True
1206644;PPLMUPRRGSESD 33x155xRL;MU;33.0;155.0;;MU33;MU 33x155;True
1206714;PPLMUPRRGVESD 50x98xRL;MU;50.0;98.0;;MU50;MU 50x98;True
1206715;PPLMUPRRGSESD 50x98xRL;MU;50.0;98.0;;MU50;MU 50x98;True
1206733;PPLMUPRRGVESD 50x155xRL;MU;50.0;155.0;;MU50;MU 50x155;True
1206734;PPLMUPRRGSESD 50x155xRL;MU;50.0;155.0;;MU50;MU 50x155;True
1206771;PPLMUPRRGVESD 38x118xRL;MU;38.0;118.0;;MU38;MU 38x118;True
1206772;PPLMUPRRGSESD 38x118xRL;MU;38.0;118.0;;MU38;MU 38x118;True
1207227;PPLMUPRRGVESD 29x194xRL;MU;29.0;194.0;;MU29;MU 29x194;True
1207228;PPLMUPRRGSESD 29x194xRL;MU;29.0;194.0;;MU29;MU 29x194;True
1207364;PPLMUPRRGVESD 50x157xRL;MU;50.0;157.0;;MU50;MU 50x157;True
1207365;PPLMUPRRGSESD 50x157xRL;MU;50.0;157.0;;MU50;MU 50x157;True
1207621;PPLMUPRRGVESD 29x118xRL;MU;29.0;118.0;;MU29;MU 29x118;True
1207623;PPLMUPRRGSESD 29x118xRL;MU;29.0;118.0;;MU29;MU 29x118;True
1207702;PPLMUPRRGVESD 38x145xRL;MU;38.0;145.0;;MU38;MU 38x145;True
1207703;PPLMUPRRGSESD 38x145RL;MU;38.0;145.0;;MU38;MU 38x145;True
1207961;PPLMUPRRGVESD 46x77xRL;MU;46.0;77.0;;MU46;MU 46x77;True
1207962;PPLMUPRRGSESD 46x77xRL;MU;46.0;77.0;;MU46;MU 46x77;True
1207963;PPLMUPRRGVESD 46x104xRL;MU;46.0;104.0;;MU46;MU 46x104;True
1207964;PPLMUPRRGSESD 46x104xRL;MU;46.0;104.0;;MU46;MU 46x104;True
1207965;PPLMUPRRGVESD 46x129xRL;MU;46.0;129.0;;MU46;MU 46x129;True
1207966;PPLMUPRRGSESD 46x129xRL;MU;46.0;129.0;;MU46;MU 46x129;True
1207967;PPLMUPRRGVESD 46x150xRL;MU;46.0;150.0;;MU46;MU 46x150;True
1207968;PPLMUPRRGSESD 46x150xRL;MU;46.0;150.0;;MU46;MU 46x150;True
1207969;PPLMUPRRGVESD 46x157xRL;MU;46.0;157.0;;MU46;MU 46x157;True
1207970;PPLMUPRRGSESD 46x157xRL;MU;46.0;157.0;;MU46;MU 46x157;True
1207971;PPLMUPRRGVESD 46x202xRL;MU;46.0;202.0;;MU46;MU 46x202;True
1207972;PPLMUPRRGSESD 46x202xRL;MU;46.0;202.0;;MU46;MU 46x202;True
1207979;PPLMUPRRGVESD 18x77xRL;MU;18.0;77.0;;MU18;MU 18x77;True
1207980;PPLMUPRRGVESD 18x104xRL;MU;18.0;104.0;;MU18;MU 18x104;True
1207981;PPLMUPRRGSESD 18x104xRL;MU;18.0;104.0;;MU18;MU 18x104;True
1207982;PPLMUPRRGSESD 18x77xRL;MU;18.0;77.0;;MU18;MU 18x77;True
1207983;PPLMUPRRGVESD 18x129xRL;MU;18.0;129.0;;MU18;MU 18x129;True
1207984;PPLMUPRRGSESD 18x129xRL;MU;18.0;129.0;;MU18;MU 18x129;True
1207985;PPLMUPRRGVESD 18x150xRL;MU;18.0;150.0;;MU18;MU 18x150;True
1207986;PPLMUPRRGSESD 18x150xRL;MU;18.0;150.0;;MU18;MU 18x150;True
1207987;PPLMUPRRGVESD 18x157xRL;MU;18.0;157.0;;MU18;MU 18x157;True
1207988;PPLMUPRRGSESD 18x157xRL;MU;18.0;157.0;;MU18;MU 18x157;True
1207989;PPLMUPRRGVESD 18x202xRL;MU;18.0;202.0;;MU18;MU 18x202;True
1207990;PPLMUPRRGSESD 18x202xRL;MU;18.0;202.0;;MU18;MU 18x202;True
1208151;PPLMUPRRGVESD 46x98xRL;MU;46.0;98.0;;MU46;MU 46x98;True
1208152;PPLMUPRRGSESD 46x98xRL;MU;46.0;98.0;;MU46;MU 46x98;True
1208164;PPLMUPRRGVESD 38x140xRL;MU;38.0;140.0;;MU38;MU 38x140;True
1208165;PPLMUPRRGSESD 38x140xRL;MU;38.0;140.0;;MU38;MU 38x140;True
1208202;PPLMUPRRGVESD 23x89xRL;MU;23.0;89.0;;MU23;MU 23x89;True
1208203;PPLMUPRRGSESD 23x89xRL;MU;23.0;89.0;;MU23;MU 23x89;True
1208206;PPLMUPRRGVESD 29x89xRL;MU;29.0;89.0;;MU29;MU 29x89;True
1208207;PPLMUPRRGSESD 29x89xRL;MU;29.0;89.0;;MU29;MU 29x89;True
1208256;PPLMUPRRGVESD 18x98xRL;MU;18.0;98.0;;MU18;MU 18x98;True
1208258;PPLMUPRRGSESD 18x98xRL;MU;18.0;98.0;;MU18;MU 18x98;True
1208326;PPLMUPRRGVESD 18x130xRL;MU;18.0;130.0;;MU18;MU 18x130;True
1208327;PPLMUPRRGVESD 18x151xRL;MU;18.0;151.0;;MU18;MU 18x151;True
1208328;PPLMUPRRGVESD 18x158xRL;MU;18.0;158.0;;MU18;MU 18x158;True
1208329;PPLMUPRRGVESD 18x203xRL;MU;18.0;203.0;;MU18;MU 18x203;True
1208337;PPLMUPRRGVESD 21x130xRL;MU;21.0;130.0;;MU21;MU 21x130;True
1208338;PPLMUPRRGVESD 21x149xRL;MU;21.0;149.0;;MU21;MU 21x149;True
1208339;PPLMUPRRGVESD 21x151xRL;MU;21.0;151.0;;MU21;MU 21x151;True
1208340;PPLMUPRRGVESD 21x203xRL;MU;21.0;203.0;;MU21;MU 21x203;True
1208341;PPLMUPRRGVESD 21x158xRL;MU;21.0;158.0;;MU21;MU 21x158;True
1208346;PPLMUPRRGVESD 23x130xRL;MU;23.0;130.0;;MU23;MU 23x130;True
1208347;PPLMUPRRGVESD 23x151xRL;MU;23.0;151.0;;MU23;MU 23x151;True
1208348;PPLMUPRRGVESD 23x203xRL;MU;23.0;203.0;;MU23;MU 23x203;True
1208349;PPLMUPRRGVESD 23x149xRL;MU;23.0;149.0;;MU23;MU 23x149;True
1208350;PPLMUPRRGVESD 23x158xRL;MU;23.0;158.0;;MU23;MU 23x158;True
1208356;PPLMUPRRGVESD 26x130xRL;MU;26.0;130.0;;MU26;MU 26x130;True
1208357;PPLMUPRRGVESD 26x151xRL;MU;26.0;151.0;;MU26;MU 26x151;True
1208358;PPLMUPRRGVESD 26x203xRL;MU;26.0;203.0;;MU26;MU 26x203;True
1208359;PPLMUPRRGVESD 26x149xRL;MU;26.0;149.0;;MU26;MU 26x149;True
1208360;PPLMUPRRGVESD 26x158xRL;MU;26.0;158.0;;MU26;MU 26x158;True
1208363;PPLMUPRRGVESD 29x130xRL;MU;29.0;130.0;;MU29;MU 29x130;True
1208364;PPLMUPRRGVESD 29x151xRL;MU;29.0;151.0;;MU29;MU 29x151;True
1208365;PPLMUPRRGVESD 29x203xRL;MU;29.0;203.0;;MU29;MU 29x203;True
1208366;PPLMUPRRGVESD 29x158xRL;MU;29.0;158.0;;MU29;MU 29x158;True
1208367;PPLMUPRRGVESD 33x130xRL;MU;33.0;130.0;;MU33;MU 33x130;True
1208368;PPLMUPRRGVESD 33x149xRL;MU;33.0;149.0;;MU33;MU 33x149;True
1208369;PPLMUPRRGVESD 33x151xRL;MU;33.0;151.0;;MU33;MU 33x151;True
1208370;PPLMUPRRGVESD 33x203xRL;MU;33.0;203.0;;MU33;MU 33x203;True
1208371;PPLMUPRRGVESD 33x158xRL;MU;33.0;158.0;;MU33;MU 33x158;True
1208372;PPLMUPRRGVESD 37x77xRL;MU;37.0;77.0;;MU37;MU 37x77;True
1208373;PPLMUPRRGVESD 37x95xRL;MU;37.0;95.0;;MU37;MU 37x95;True
1208374;PPLMUPRRGVESD 37x98xRL;MU;37.0;98.0;;MU37;MU 37x98;True
1208375;PPLMUPRRGVESD 37x104xRL;MU;37.0;104.0;;MU37;MU 37x104;True
1208376;PPLMUPRRGVESD 37x130xRL;MU;37.0;130.0;;MU37;MU 37x130;True
1208377;PPLMUPRRGVESD 37x149xRL;MU;37.0;149.0;;MU37;MU 37x149;True
1208378;PPLMUPRRGVESD 37x151xRL;MU;37.0;151.0;;MU37;MU 37x151;True
1208379;PPLMUPRRGVESD 37x203xRL;MU;37.0;203.0;;MU37;MU 37x203;True
1208380;PPLMUPRRGVESD 37x155xRL;MU;37.0;155.0;;MU37;MU 37x155;True
1208381;PPLMUPRRGVESD 37x158xRL;MU;37.0;158.0;;MU37;MU 37x158;True
1208382;PPLMUPRRGVESD 37x118xRL;MU;37.0;118.0;;MU37;MU 37x118;True
1208383;PPLMUPRRGVESD 37x145xRL;MU;37.0;145.0;;MU37;MU 37x145;True
1208386;PPLMUPRRGVESD 37x140xRL;MU;37.0;140.0;;MU37;MU 37x140;True
1208393;PPLMUPRRGVESD 46x130xRL;MU;46.0;130.0;;MU46;MU 46x130;True
1208394;PPLMUPRRGVESD 46x151xRL;MU;46.0;151.0;;MU46;MU 46x151;True
1208395;PPLMUPRRGVESD 46x158xRL;MU;46.0;158.0;;MU46;MU 46x158;True
1208396;PPLMUPRRGVESD 46x203xRL;MU;46.0;203.0;;MU46;MU 46x203;True
1208398;PPLMUPRRGVESD 50x203xRL;MU;50.0;203.0;;MU50;MU 50x203;True
1208399;PPLMUPRRGVESD 50x130xRL;MU;50.0;130.0;;MU50;MU 50x130;True
1208400;PPLMUPRRGVESD 50x149xRL;MU;50.0;149.0;;MU50;MU 50x149;True
1208401;PPLMUPRRGVESD 50x151xRL;MU;50.0;151.0;;MU50;MU 50x151;True
1208403;PPLMUPRRGVESD 50x158xRL;MU;50.0;158.0;;MU50;MU 50x158;True
1208410;PPLMUPRRGSESD 18x130xRL;MU;18.0;130.0;;MU18;MU 18x130;True
1208411;PPLMUPRRGSESD 18x151xRL;MU;18.0;151.0;;MU18;MU 18x151;True
1208412;PPLMUPRRGSESD 18x158xRL;MU;18.0;158.0;;MU18;MU 18x158;True
1208413;PPLMUPRRGSESD 18x203xRL;MU;18.0;203.0;;MU18;MU 18x203;True
1208421;PPLMUPRRGSESD 21x130xRL;MU;21.0;130.0;;MU21;MU 21x130;True
1208422;PPLMUPRRGSESD 21x149xRL;MU;21.0;149.0;;MU21;MU 21x149;True
1208423;PPLMUPRRGSESD 21x151xRL;MU;21.0;151.0;;MU21;MU 21x151;True
1208424;PPLMUPRRGSESD 21x203xRL;MU;21.0;203.0;;MU21;MU 21x203;True
1208425;PPLMUPRRGSESD 21x158xRL;MU;21.0;158.0;;MU21;MU 21x158;True
1208430;PPLMUPRRGSESD 23x130xRL;MU;23.0;130.0;;MU23;MU 23x130;True
1208431;PPLMUPRRGSESD 23x151xRL;MU;23.0;151.0;;MU23;MU 23x151;True
1208432;PPLMUPRRGSESD 23x203xRL;MU;23.0;203.0;;MU23;MU 23x203;True
1208433;PPLMUPRRGSESD 23x158xRL;MU;23.0;158.0;;MU23;MU 23x158;True
1208434;PPLMUPRRGSESD 23x149xRL;MU;23.0;149.0;;MU23;MU 23x149;True
1208440;PPLMUPRRGSESD 26x130xRL;MU;26.0;130.0;;MU26;MU 26x130;True
1208441;PPLMUPRRGSESD 26x151xRL;MU;26.0;151.0;;MU26;MU 26x151;True
1208442;PPLMUPRRGSESD 26x203xRL;MU;26.0;203.0;;MU26;MU 26x203;True
1208443;PPLMUPRRGSESD 26x149xRL;MU;26.0;149.0;;MU26;MU 26x149;True
1208444;PPLMUPRRGSESD 26x158xRL;MU;26.0;158.0;;MU26;MU 26x158;True
1208447;PPLMUPRRGSESD 29x130xRL;MU;29.0;130.0;;MU29;MU 29x130;True
1208448;PPLMUPRRGSESD 29x151xRL;MU;29.0;151.0;;MU29;MU 29x151;True
1208449;PPLMUPRRGSESD 29x203xRL;MU;29.0;203.0;;MU29;MU 29x203;True
1208450;PPLMUPRRGSESD 29x158xRL;MU;29.0;158.0;;MU29;MU 29x158;True
1208451;PPLMUPRRGSESD 33x130xRL;MU;33.0;130.0;;MU33;MU 33x130;True
1208452;PPLMUPRRGSESD 33x149xRL;MU;33.0;149.0;;MU33;MU 33x149;True
1208453;PPLMUPRRGSESD 33x151xRL;MU;33.0;151.0;;MU33;MU 33x151;True
1208454;PPLMUPRRGSESD 33x203xRL;MU;33.0;203.0;;MU33;MU 33x203;True
1208455;PPLMUPRRGSESD 33x158xRL;MU;33.0;158.0;;MU33;MU 33x158;True
1208456;PPLMUPRRGSESD 37x77xRL;MU;37.0;77.0;;MU37;MU 37x77;True
1208457;PPLMUPRRGSESD 37x95xRL;MU;37.0;95.0;;MU37;MU 37x95;True
1208458;PPLMUPRRGSESD 37x98xRL;MU;37.0;98.0;;MU37;MU 37x98;True
1208459;PPLMUPRRGSESD 37x104xRL;MU;37.0;104.0;;MU37;MU 37x104;True
1208460;PPLMUPRRGSESD 37x130xRL;MU;37.0;130.0;;MU37;MU 37x130;True
1208461;PPLMUPRRGSESD 37x149xRL;MU;37.0;149.0;;MU37;MU 37x149;True
1208462;PPLMUPRRGSESD 37x151xRL;MU;37.0;151.0;;MU37;MU 37x151;True
1208463;PPLMUPRRGSESD 37x203xRL;MU;37.0;203.0;;MU37;MU 37x203;True
1208464;PPLMUPRRGSESD 37x155xRL;MU;37.0;155.0;;MU37;MU 37x155;True
1208465;PPLMUPRRGSESD 37x158xRL;MU;37.0;158.0;;MU37;MU 37x158;True
1208466;PPLMUPRRGSESD 37x118xRL;MU;37.0;118.0;;MU37;MU 37x118;True
1208467;PPLMUPRRGSESD 37x145RL;MU;37.0;145.0;;MU37;MU 37x145;True
1208470;PPLMUPRRGSESD 37x140xRL;MU;37.0;140.0;;MU37;MU 37x140;True
1208478;PPLMUPRRGSESD 46x130xRL;MU;46.0;130.0;;MU46;MU 46x130;True
1208479;PPLMUPRRGSESD 46x151xRL;MU;46.0;151.0;;MU46;MU 46x151;True
1208480;PPLMUPRRGSESD 46x158xRL;MU;46.0;158.0;;MU46;MU 46x158;True
1208481;PPLMUPRRGSESD 46x203xRL;MU;46.0;203.0;;MU46;MU 46x203;True
1208492;PPLMUPRRGSESD 50x203xRL;MU;50.0;203.0;;MU50;MU 50x203;True
1208493;PPLMUPRRGSESD 50x130xRL;MU;50.0;130.0;;MU50;MU 50x130;True
1208494;PPLMUPRRGSESD 50x149xRL;MU;50.0;149.0;;MU50;MU 50x149;True
1208495;PPLMUPRRGSESD 50x151xRL;MU;50.0;151.0;;MU50;MU 50x151;True
1208497;PPLMUPRRGSESD 50x158xRL;MU;50.0;158.0;;MU50;MU 50x158;True
1208637;PPLMUPRRGVESD 35x77xRL;MU;35.0;77.0;;MU35;MU 35x77;True
1208638;PPLMUPRRGSESD 35x77xRL;MU;35.0;77.0;;MU35;MU 35x77;True
1208639;PPLMUPRRGVESD 35x104xRL;MU;35.0;104.0;;MU35;MU 35x104;True
1208640;PPLMUPRRGSESD 35x104xRL;MU;35.0;104.0;;MU35;MU 35x104;True
1208641;PPLMUPRRGVESD 35x130xRL;MU;35.0;130.0;;MU35;MU 35x130;True
1208642;PPLMUPRRGSESD 35x130xRL;MU;35.0;130.0;;MU35;MU 35x130;True
1208682;PPLMUPRRGVESD 40x158xRL;MU;40.0;158.0;;MU40;MU 40x158;True
1208683;PPLMUPRRGSESD 40x158xRL;MU;40.0;158.0;;MU40;MU 40x158;True
1208684;PPLMUPRRGVESD 40x130xRL;MU;40.0;130.0;;MU40;MU 40x130;True
1208685;PPLMUPRRGSESD 40x130xRL;MU;40.0;130.0;;MU40;MU 40x130;True
1208686;PPLMUPRRGVESD 40x104xRL;MU;40.0;104.0;;MU40;MU 40x104;True
1208687;PPLMUPRRGSESD 40x104xRL;MU;40.0;104.0;;MU40;MU 40x104;True
1208741;PPLMUPRRGVESD 40x151xRL;MU;40.0;151.0;;MU40;MU 40x151;True
1208742;PPLMUPRRGSESD 40x151xRL;MU;40.0;151.0;;MU40;MU 40x151;True
1208743;PPLMUPRRGVESD 40x203xRL;MU;40.0;203.0;;MU40;MU 40x203;True
1208744;PPLMUPRRGSESD 40x203xRL;MU;40.0;203.0;;MU40;MU 40x203;True
1208774;PPLMUPRRGVESD 23x146xRL;MU;23.0;146.0;;MU23;MU 23x146;True
1208775;PPLMUPRRGSESD 23x146xRL;MU;23.0;146.0;;MU23;MU 23x146;True
1208776;PPLMUPRRGVESD 50x146xRL;MU;50.0;146.0;;MU50;MU 50x146;True
1208777;PPLMUPRRGSESD 50x146xRL;MU;50.0;146.0;;MU50;MU 50x146;True
1208781;PPLMUPRRGVESD 33x140xRL;MU;33.0;140.0;;MU33;MU 33x140;True
1208782;PPLMUPRRGSESD 33x140xRL;MU;33.0;140.0;;MU33;MU 33x140;True
1208888;PPLMUPRRGVESD 23x142xRL;MU;23.0;142.0;;MU23;MU 23x142;True
1208889;PPLMUPRRGSESD 23x142xRL;MU;23.0;142.0;;MU23;MU 23x142;True
1208909;PPLMUPRRGVESD 23x137xRL;MU;23.0;137.0;;MU23;MU 23x137;True
1208910;PPLMUPRRGSESD 23x137xRL;MU;23.0;137.0;;MU23;MU 23x137;True
1208911;PPLMUPRRGVESD 33x137xRL;MU;33.0;137.0;;MU33;MU 33x137;True
1208912;PPLMUPRRGSESD 33x137xRL;MU;33.0;137.0;;MU33;MU 33x137;True
1208913;PPLMUPRRGVESD 46x137xRL;MU;46.0;137.0;;MU46;MU 46x137;True
1208914;PPLMUPRRGSESD 46x137xRL;MU;46.0;137.0;;MU46;MU 46x137;True
1208915;PPLMUPRRGVESD 26x137xRL;MU;26.0;137.0;;MU26;MU 26x137;True
1208916;PPLMUPRRGSESD 26x137xRL;MU;26.0;137.0;;MU26;MU 26x137;True
1208917;PPLMUPRRGVESD 26x142xRL;MU;26.0;142.0;;MU26;MU 26x142;True
1208918;PPLMUPRRGSESD 26x142xRL;MU;26.0;142.0;;MU26;MU 26x142;True
1208919;PPLMUPRRGVESD 33x142xRL;MU;33.0;142.0;;MU33;MU 33x142;True
1208920;PPLMUPRRGSESD 33x142xRL;MU;33.0;142.0;;MU33;MU 33x142;True
1208951;PPLMUPRRGVESD 50x140xRL;MU;50.0;140.0;;MU50;MU 50x140;True
1208952;PPLMUPRRGSESD 50x140xRL;MU;50.0;140.0;;MU50;MU 50x140;True
1208953;PPLMUPRRGVESD 29x137xRL;MU;29.0;137.0;;MU29;MU 29x137;True
1208954;PPLMUPRRGSESD 29x137xRL;MU;29.0;137.0;;MU29;MU 29x137;True
1208962;PPLMUPRRGVESD 37x137xRL;MU;37.0;137.0;;MU37;MU 37x137;True
1208964;PPLMUPRRGSESD 37x137xRL;MU;37.0;137.0;;MU37;MU 37x137;True
1208987;PPLMUPRRGVESD 26x140xRL;MU;26.0;140.0;;MU26;MU 26x140;True
1208988;PPLMUPRRGSESD 26x140xRL;MU;26.0;140.0;;MU26;MU 26x140;True
1208989;PPLMUPRRGVESD 46x140xRL;MU;46.0;140.0;;MU46;MU 46x140;True
1208990;PPLMUPRRGSESD 46x140xRL;MU;46.0;140.0;;MU46;MU 46x140;True
1209045;PPLMUPRRGVESD 23x140xRL;MU;23.0;140.0;;MU23;MU 23x140;True
1209046;PPLMUPRRGSESD 23x140xRL;MU;23.0;140.0;;MU23;MU 23x140;True
1209051;PPLMUPRRGVESD 29x140xRL;MU;29.0;140.0;;MU29;MU 29x140;True
1209052;PPLMUPRRGSESD 29x140xRL;MU;29.0;140.0;;MU29;MU 29x140;True
1209141;PPLMUPRRGVESD 21x184xRL;MU;21.0;184.0;;MU21;MU 21x184;True
1209142;PPLMUPRRGSESD 21x184xRL;MU;21.0;184.0;;MU21;MU 21x184;True
1209143;PPLMUPRRGVESD 23x184xRL;MU;23.0;184.0;;MU23;MU 23x184;True
1209144;PPLMUPRRGSESD 23x184xRL;MU;23.0;184.0;;MU23;MU 23x184;True
1209159;PPLMUPRRGVESD 21x140xRL;MU;21.0;140.0;;MU21;MU 21x140;True
1209160;PPLMUPRRGSESD 21x140xRL;MU;21.0;140.0;;MU21;MU 21x140;True
1209171;PPLMUPRRGVESD 50x118xRL;MU;50.0;118.0;;MU50;MU 50x118;True
1209172;PPLMUPRRGSESD 50x118xRL;MU;50.0;118.0;;MU50;MU 50x118;True
1209173;PPLMUPRRGVESD 33x118xRL;MU;33.0;118.0;;MU33;MU 33x118;True
1209174;PPLMUPRRGSESD 33x118xRL;MU;33.0;118.0;;MU33;MU 33x118;True
1209187;PPLMUPRRGVESD 26x184xRL;MU;26.0;184.0;;MU26;MU 26x184;True
1209188;PPLMUPRRGSESD 26x184xRL;MU;26.0;184.0;;MU26;MU 26x184;True
1209366;PPLMUPRRGVESD 37x92xRL;MU;37.0;92.0;;MU37;MU 37x92;True
1209367;PPLMUPRRGSESD 37x92xRL;MU;37.0;92.0;;MU37;MU 37x92;True
1209368;PPLMUPRRGVESD 23x92xRL;MU;23.0;92.0;;MU23;MU 23x92;True
1209369;PPLMUPRRGSESD 23x92xRL;MU;23.0;92.0;;MU23;MU 23x92;True
1209381;PPLMUPRRGVESD 26x92xRL;MU;26.0;92.0;;MU26;MU 26x92;True
1209382;PPLMUPRRGSESD 26x92xRL;MU;26.0;92.0;;MU26;MU 26x92;True
1209431;PPLMUPRRGVESD 18x137xRL;MU;18.0;137.0;;MU18;MU 18x137;True
1209432;PPLMUPRRGSESD 18x137xRL;MU;18.0;137.0;;MU18;MU 18x137;True
1209471;PPLMUPRRGVESD 50x137xRL;MU;50.0;137.0;;MU50;MU 50x137;True
1209472;PPLMUPRRGSESD 50x137xRL;MU;50.0;137.0;;MU50;MU 50x137;True
1209503;PPLMUPRRGVESD 18x182xRL;MU;18.0;182.0;;MU18;MU 18x182;True
1209504;PPLMUPRRGSESD 18x182xRL;MU;18.0;182.0;;MU18;MU 18x182;True
1209542;PPLMUPRRGVESD 18x140xRL;MU;18.0;140.0;;MU18;MU 18x140;True
1209543;PPLMUPRRGSESD 18x140xRL;MU;18.0;140.0;;MU18;MU 18x140;True
1209551;PPLMUPRRGVESD 23x130x8+8;MU;23.0;130.0;;MU23;MU 23x130;True
1209552;PPLMUPRRGSESD 23x130x8+8;MU;23.0;130.0;;MU23;MU 23x130;True
1209561;PPLMUPRRGVESD 33x89xRL;MU;33.0;89.0;;MU33;MU 33x89;True
1209562;PPLMUPRRGSESD 33x89xRL;MU;33.0;89.0;;MU33;MU 33x89;True
1209954;PPLMUPRRGVESD 18x89xRL;MU;18.0;89.0;;MU18;MU 18x89;True
1209955;PPLMUPRRGSESD 18x89xRL;MU;18.0;89.0;;MU18;MU 18x89;True
1209388;PPCMCSPRGSESD 49x148xRL;MA;49.0;148.0;;MA23148;MA 49x148;True
1209392;PPCMCSPRGSESD 49x148x6+6;MA;49.0;148.0;6+6;MA23148;MA 49x148;True
1209393;PPCMCSPRGSESD 49x148x8+8;MA;49.0;148.0;8+8;MA23148;MA 49x148;True
1209409;PPCMCSPRGSESD 49x130xRL;MA;49.0;130.0;;MA23130;MA 49x130;True
1209411;PPCMCSPRGSESD 49x96x8+8;MA;49.0;96.0;8+8;MA2396;MA 49x96;True
1209421;PPCMCSTRGSESD 38x140xRL;MA;38.0;140.0;;MA18140;MA 38x140;True
1209521;PPCMCSPRGSESD 49x96xRL;MA;49.0;96.0;;MA2396;MA 49x96;True
1209531;PPCMCSPRGSESD 49x96x6+6;MA;49.0;96.0;6+6;MA2396;MA 49x96;True
1209558;PPCMCSTRGSESD 40X93XRL;MA;40.0;93.0;;MA1993;MA 40x93;True
1209601;PPCMCSPRGSESD 38x89xRL;MA;38.0;89.0;;MA1889;MA 38x89;True
1209631;PPCMCSTRGSESD 49x89xRL;MA;49.0;89.0;;MA2389;MA 49x89;True
1209682;PPCMCSTRGSESD 40x150xRL;MA;40.0;150.0;;MA19150;MA 40x150;True
1209756;PPCMCSPRGSESD 49x89xRL;MA;49.0;89.0;;MA2389;MA 49x89;True
1209777;PPCMCSPRGSESD 40x104x8+8;MA;40.0;104.0;8+8;MA19104;MA 40x104;True
1210011;PPLRPPCRGVESD 38x87xRL;RP;38.0;87.0;;RP3887;RP 38x87;True
1210013;PPLRPPCRGSESD 38x87xRL;RP;38.0;87.0;;RP3887;RP 38x87;True
1210014;PPLRPPCRGVESD 38x99xRL;RP;38.0;99.0;;RP3899;RP 38x99;True
1210015;PPLRPPCRGSESD 38x99xRL;RP;38.0;99.0;;RP3899;RP 38x99;True
1210016;PPLRPPCRGVESD 38x102xRL;RP;38.0;102.0;;RP38102;RP 38x102;True
1210017;PPLRPPCRGSESD 38x102xRL;RP;38.0;102.0;;RP38102;RP 38x102;True
1210018;PPLRPPCRGVESD 38x119xRL;RP;38.0;119.0;;RP38119;RP 38x119;True
1210019;PPLRPPCRGSESD 38x119xRL;RP;38.0;119.0;;RP38119;RP 38x119;True
1210020;PPLRPPCRGVESD 38x133xRL;RP;38.0;133.0;;RP38133;RP 38x133;True
1210021;PPLRPPCRGSESD 38x133xRL;RP;38.0;133.0;;RP38133;RP 38x133;True
1210023;PPLRPPCRGVESD 38x156xRL;RP;38.0;156.0;;RP38156;RP 38x156;True
1210024;PPLRPPCRGSESD 38x156xRL;RP;38.0;156.0;;RP38156;RP 38x156;True
1210121;PPLRPPCRGVESD 38x146xRL;RP;38.0;146.0;;RP38146;RP 38x146;True
1210122;PPLRPPCRGSESD 38x146xRL;RP;38.0;146.0;;RP38146;RP 38x146;True
1206311;PPLMUCIRGSEG1 25xRWxRL;MU;25.0;0.0;;CI25;CI 25x0;True
1206351;PPLMUCIRGSEG1 22xRWxRL;MU;22.0;0.0;;CI22;CI 22x0;True
1206471;PPLMPMERGSESD 34xRWxRL;MP;34.0;0.0;;MP34;MP 34x0;True
1206472;PPLMPMERGVESD 34xRWxRL;MP;34.0;0.0;;MP34;MP 34x0;True
1207522;PPLMUCIRGSEG1 20xRWxRL;MU;20.0;0.0;;CI20;CI 20x0;True
1207523;PPLMUCIRGSEG1 27xRWxRL;MU;27.0;0.0;;CI27;CI 27x0;True
1207525;PPLMUCIRGSEG1 36xRWxRL;MU;36.0;0.0;;CI36;CI 36x0;True
1208051;PPLMPMERGSESD 32xRWxRL;MP;32.0;0.0;;CI32;CI 32x0;True
1209274;PPLMUCIRGSEG1 22xRWx2035;MU;22.0;0.0;;CI22;CI 22x0;True
1209281;PPLMUCIRGSEG1 22xRWx7;MU;22.0;0.0;;CI22;CI 22x0;True
1209282;PPLMUCIRGSEG1 22xRWx8;MU;22.0;0.0;;CI22;CI 22x0;True
1209283;PPLMUCIRGSEG1 22xRWx9;MU;22.0;0.0;;CI22;CI 22x0;True
1209284;PPLMUCIRGSEG1 22xRWx10;MU;22.0;0.0;;CI22;CI 22x0;True
1209285;PPLMUCIRGSEG1 22xRWx11;MU;22.0;0.0;;CI22;CI 22x0;True
1209286;PPLMUCIRGSEG1 22xRWx12;MU;22.0;0.0;;CI22;CI 22x0;True
1209287;PPLMUCIRGSEG1 22xRWx13;MU;22.0;0.0;;CI22;CI 22x0;True
1209288;PPLMUCIRGSEG1 22xRWx14;MU;22.0;0.0;;CI22;CI 22x0;True
1209289;PPLMUCIRGSEG1 22xRWx15;MU;22.0;0.0;;CI22;CI 22x0;True
1209290;PPLMUCIRGSEG1 22xRWx16;MU;22.0;0.0;;CI22;CI 22x0;True
1209301;PPLMUCIRGSEG1 22xRWx6;MU;22.0;0.0;;CI22;CI 22x0;True
1209312;PPLMUCIRGSEG1 25xRWx6;MU;25.0;0.0;;CI25;CI 25x0;True
1209313;PPLMUCIRGSEG1 25xRWx7;MU;25.0;0.0;;CI25;CI 25x0;True
1209314;PPLMUCIRGSEG1 25xRWx8;MU;25.0;0.0;;CI25;CI 25x0;True
1209315;PPLMUCIRGSEG1 25xRWx9;MU;25.0;0.0;;CI25;CI 25x0;True
1209316;PPLMUCIRGSEG1 25xRWx10;MU;25.0;0.0;;CI25;CI 25x0;True
1209317;PPLMUCIRGSEG1 25xRWx11;MU;25.0;0.0;;CI25;CI 25x0;True
1209318;PPLMUCIRGSEG1 25xRWx12;MU;25.0;0.0;;CI25;CI 25x0;True
1209319;PPLMUCIRGSEG1 25xRWx13;MU;25.0;0.0;;CI25;CI 25x0;True
1209320;PPLMUCIRGSEG1 25xRWx14;MU;25.0;0.0;;CI25;CI 25x0;True
1209321;PPLMUCIRGSEG1 25xRWx15;MU;25.0;0.0;;CI25;CI 25x0;True
1209322;PPLMUCIRGSEG1 25xRWx16;MU;25.0;0.0;;CI25;CI 25x0;True
1210002;PPLRPPCS4SEG1 33,3x54xRL;RP;33.3;54.0;;RP3859;RP 33x54;True
1210003;PPLRPPCS4SEG1 33,3x60,3xRL;RP;33.3;60.3;;RP3866;RP 33x60;True
1210004;PPLRPPCS4SEG1 33,3x73xRL;RP;33.3;73.0;;RP3879;RP 33x73;True
1210005;PPLRPPCS4SEG1 33,3x79,4xRL;RP;33.3;79.4;;RP3887;RP 33x79;True
1210006;PPLRPPCS4SEG1 33,3x85,7xRL;RP;33.3;85.7;;RP3893;RP 33x85;True
1210007;PPLRPPCS4SEG1 33,3x92,1xRL;RP;33.3;92.1;;RP3899;RP 33x92;True
1210008;PPLRPPCS4SEG1 33,3x111,1xRL;RP;33.3;111.1;;RP38119;RP 33x111;True
1210009;PPLRPPCS4SEG1 33,3x123,8xRL;RP;33.3;123.8;;RP38133;RP 33x123;True
1210010;PPLRPPCS4SEG1 33,3x136,5xRL;RP;33.3;136.5;;RP38146;RP 33x136;True
1210031;PPLRPPCS4SEG1 33,3x146,1xRL;RP;33.3;146.1;;RP38156;RP 33x146;True
1210117;PPLRPNCS4SEG1 33,3x111,1xRL;RP;33.3;111.1;;RP38119;RP 33x111;True
1210118;PPLRPNCS4SEG1 33,3x123,8xRL;RP;33.3;123.8;;RP38133;RP 33x123;True
1210119;PPLRPNCS4SEG1 33,3x136,5xRL;RP;33.3;136.5;;RP38146;RP 33x136;True
1210045;PPLBLUSS4SESD 5/4x2 1/8xRL;BL;33.3;54.0;;RP3859;RP 33x54;True
1210046;PPLBLUSS4SESD 5/4x2 3/8xRL;BL;33.3;60.3;;RP3866;RP 33x60;True
1210047;PPLBLUSS4SESD 5/4x2 7/8xRL;BL;33.3;73.0;;RP3879;RP 33x73;True
1210048;PPLBLUSS4SESD 5/4x3 1/8xRL;BL;33.3;79.4;;RP3887;RP 33x79;True
1210049;PPLBLUSS4SESD 5/4x3 3/8xRL;BL;33.3;85.7;;RP3893;RP 33x85;True
1210050;PPLBLUSS4SESD 5/4x3 5/8xRL;BL;33.3;92.1;;RP3899;RP 33x92;True
1210051;PPLBLUSS4SESD 5/4x4 3/8xRL;BL;33.3;111.1;;RP38119;RP 33x111;True
1210052;PPLBLUSS4SESD 5/4x4 7/8xRL;BL;33.3;123.8;;RP38133;RP 33x123;True
1210053;PPLBLUSS4SESD 5/4x5 3/8xRL;BL;33.3;136.5;;RP38146;RP 33x136;True
1210054;PPLBLUSS4SESD 5/4x5 3/4xRL;BL;33.3;146.0;;RP38155;RP 33x146;True
1210025;PPLBKUSS4SESD 5/4x2 1/8xRL;BK;33.3;54.0;;RP3859;RP 33x54;True
1210026;PPLBKUSS4SESD 5/4x2 3/8xRL;BK;33.3;60.3;;RP3866;RP 33x60;True
1210027;PPLBKUSS4SESD 5/4x2 7/8xRL;BK;33.3;73.0;;RP3879;RP 33x73;True
1210028;PPLBKUSS4SESD 5/4x3 1/8xRL;BK;33.3;79.4;;RP3887;RP 33x79;True
1210029;PPLBKUSS4SESD 5/4x3 3/8xRL;BK;33.3;85.7;;RP3893;RP 33x85;True
1210030;PPLBKUSS4SESD 5/4x3 5/8xRL;BK;33.3;92.1;;RP3899;RP 33x92;True
1210041;PPLBKUSS4SESD 5/4x4 3/8xRL;BK;33.3;111.1;;RP38119;RP 33x111;True
1210042;PPLBKUSS4SESD 5/4x4 7/8xRL;BK;33.3;123.8;;RP38133;RP 33x123;True
1210043;PPLBKUSS4SESD 5/4x5 3/8xRL;BK;33.3;136.5;;RP38146;RP 33x136;True
1210044;PPLBKUSS4SESD 5/4x5 3/4xRL;BK;33.3;146.0;;RP38155;RP 33x146;True
